cat,value,SOIL_ID,NDVI_MEAN,DEM_ADJ,ROUGH_MEAN,SLOPE_MEAN,SLOPE_VAR,PLANCURV,POU_WAM,R_Index,label,is_prototype,similarity,reliability_positive,reliability_negative
2972,4025,200,-0.126536361,-1.541649913,-0.575422173,-1.322320715,13.04772392,-0.194559077,0.196091435,-0.067730761,1,1,0.623973784,0.623973784,0.376026216
4349,461,200,0.236715968,-1.423434096,-1.175115687,9.73441E-05,10.90183407,-0.274025048,-0.373259072,-0.641522279,1,0,0.678834779,0.678834779,0.321165221
5554,9661,200,0.90101477,-0.107893832,0.320270891,0.609456309,16.34664117,0.088620036,-0.536155495,-0.731962806,1,1,0.658352259,0.658352259,0.341647741
5677,9732,200,-0.61657724,-1.609795209,-0.555749983,-0.458993541,13.19113248,0.336483364,0.562879617,2.897055188,1,0,0.461164305,0.461164305,0.538835695
4802,417,200,-0.742483004,-1.768627828,-1.328994439,-2.933541617,9.915345627,0.21476076,0.590222545,-0.86678841,1,1,0.449066995,0.449066995,0.550933005
2327,1526,200,0.873918547,0.135896134,-1.058093431,-0.274550363,11.19775583,1.322842386,-0.073500088,-0.142812848,1,0,0.364122063,0.364122063,0.635877937
4659,438,200,-0.077776753,-1.389796353,-0.887165038,-0.116525375,11.92279508,-0.752130156,-0.098280559,2.535495165,1,0,0.46994137,0.46994137,0.53005863
5317,9576,200,-0.078727477,0.10745633,0.859346477,1.421100216,18.34825812,-0.555347009,-1.31059606,-0.818217863,1,1,0.395918837,0.395918837,0.604081163
4637,9320,200,0.501572382,-0.78212117,0.589231881,0.602844382,16.99710591,-1.093191576,-0.951308858,-0.783044838,1,1,0.699225694,0.699225694,0.300774306
4794,9331,200,0.648727865,-0.601245733,0.7195113,0.896024022,17.75384423,-1.406958949,-1.056195356,-1.140589569,1,0,0.499104576,0.499104576,0.500895424
5458,9626,200,0.025582789,-1.113629105,1.139302187,0.481632671,18.78858972,0.682298129,-0.413406637,1.181821168,1,0,0.577474952,0.577474952,0.422525048
4079,4561,200,-0.184260122,-1.464297498,-0.526476479,-1.737949672,13.65256957,0.587574085,0.373687813,-0.07717919,1,1,0.581998539,0.581998539,0.418001461
5468,9638,200,-0.048620566,-1.324654378,-0.725776371,0.223982705,12.59673362,0.083460021,-0.067026611,2.193850734,1,0,0.633960804,0.633960804,0.366039196
5391,100,200,0.198754122,-1.339073208,0.291803773,0.160856363,16.14657152,0.963356018,0.370185104,0.38800482,1,1,0.667962736,0.667962736,0.332037264
3062,3860,191,0.932633793,-0.115110467,1.544285193,1.30679475,20.10500077,-1.119256149,-0.338511042,-0.676559076,1,0,0.377990147,0.377990147,0.622009853
5410,9598,200,-0.184565739,-1.710513987,1.027270505,0.70596362,19.07141263,0.185335774,1.263166667,0.527713877,1,1,0.497969001,0.497969001,0.502030999
3901,6071,200,0.229857021,-0.241726954,0.3511335,0.959216047,16.18723586,1.293388498,-0.412691452,0.601954063,1,0,0.521912678,0.521912678,0.478087322
4044,4496,200,0.830252168,-1.330950779,0.03312178,0.247831573,15.44538451,1.554668976,0.466774011,-0.262937711,1,1,0.613703593,0.613703593,0.386296407
4462,4544,200,0.199059618,-1.475058887,0.5582573,0.763148782,17.19099743,1.334024377,0.827631667,-0.369398053,1,0,0.624009224,0.624009224,0.375990776
4578,6568,200,0.060896108,-0.640556407,0.067606709,0.987058807,15.44116965,0.732144822,1.034351538,-0.981575544,1,1,0.677750913,0.677750913,0.322249087
5676,9769,200,-0.489788651,-0.817612836,-0.152892136,0.86483727,14.53425722,-1.196976722,-0.91143252,0.284800994,1,1,0.535967989,0.535967989,0.464032011
5696,83,200,-0.2847497,-1.692376974,-0.192393854,0.562317835,14.34299868,0.487748824,0.400168243,-1.255800397,1,1,0.677856162,0.677856162,0.322143838
5358,10261,200,1.002676434,-0.148352134,0.211300053,0.40611587,16.18418464,0.890215264,-0.371718806,1.091328304,1,0,0.469875212,0.469875212,0.530124788
5512,9630,200,-0.181081926,-1.163874372,0.829599307,0.86150135,17.8273877,-0.011153232,0.275458563,0.472741821,1,1,0.682651754,0.682651754,0.317348246
3335,4057,200,0.254401722,-1.365211361,-0.676497711,0.258502385,12.84790811,0.812246363,0.283879462,0.486738167,1,0,0.689319309,0.689319309,0.310680691
3871,4205,191,0.895880699,-1.197090065,-0.620358455,0.956990989,12.89520745,1.094060601,0.202660405,-0.268337739,1,0,0.605094326,0.605094326,0.394905674
3909,4568,200,-0.774672467,-1.369002215,0.77731214,-1.202732232,18.26456505,0.007381424,0.396819918,-0.448148685,1,1,0.590020259,0.590020259,0.409979741
3924,6054,200,0.208736927,-0.394248826,1.203129354,1.282196217,19.32683348,0.863105855,-1.201882045,0.259097884,1,0,0.405010765,0.405010765,0.594989235
5423,9589,200,-0.37997769,-0.69374949,1.295122614,-0.246934666,19.65697343,-0.964819455,-0.775791498,-0.586277814,1,1,0.46656842,0.46656842,0.53343158
5715,9927,200,-0.379570161,-1.486713094,-1.132557148,-0.162737473,11.04721085,-0.05795559,-0.445462972,0.64096008,1,1,0.500860046,0.500860046,0.499139954
3235,735,200,1.146541922,-0.701209986,0.861114494,1.364913342,17.76853766,0.322966882,0.530091087,-0.65316329,1,1,0.613968801,0.613968801,0.386031199
4378,6515,200,-0.426373991,-0.903084686,-0.150128247,1.376363921,14.67050963,0.958482461,0.549786796,-1.132522655,1,1,0.599266718,0.599266718,0.400733282
3852,6028,200,-0.228498833,-1.134614176,-1.107945464,-1.143180139,11.09545497,0.332188831,0.339560596,3.666005325,1,1,0.465246722,0.465246722,0.534753278
5415,10134,191,0.549578838,-0.739210198,-0.943097562,-0.627908419,11.62804749,0.092859919,0.064454358,0.623943606,1,1,0.652344774,0.652344774,0.347655226
4626,7543,200,0.279431647,-0.838956954,0.23482297,-0.028994451,16.09590751,0.100007694,1.356462528,0.188890124,1,0,0.644124238,0.644124238,0.355875762
2939,9221,200,1.025086877,-0.115605514,0.590171528,0.247107738,17.0887928,0.281621415,-0.225443464,-0.36876349,1,0,0.549164083,0.549164083,0.450835917
2759,658,200,0.655592988,-0.998061362,-1.364057374,0.448216643,10.13590976,-0.098067576,0.28723488,0.150958474,1,1,0.700279846,0.700279846,0.299720154
2776,718,200,1.110959523,-0.353763419,0.214369192,0.838826752,15.69860385,-1.874847863,0.326151398,1.239832271,1,0,0.463801858,0.463801858,0.536198142
4507,9345,200,0.428155164,-0.972627169,-0.215454313,-1.055750607,14.54196244,-0.89135363,-1.48088647,0.323239686,1,1,0.515622009,0.515622009,0.484377991
5109,9549,200,0.140894458,0.015030323,2.137264818,0.641748503,21.48688845,-0.30302659,0.496947357,-0.072488247,1,1,0.605633593,0.605633593,0.394366407
3992,4327,200,0.176751169,-1.54004024,0.321403466,-0.049023331,16.19420072,0.410670692,3.277540383,-0.964207204,1,1,0.586208435,0.586208435,0.413791565
5693,9937,200,-0.127622945,-0.712992704,-0.333778454,0.671689282,14.07127157,0.19833193,-1.606605884,-0.175655152,1,1,0.693173048,0.693173048,0.306826952
5495,9992,200,0.580138442,-0.535356527,-0.796364536,-0.59578316,12.26184449,-0.607123961,-0.264606496,-0.654214385,1,0,0.613335362,0.613335362,0.386664638
4467,4535,200,-0.152885558,-1.604710173,-1.120746181,-0.487740419,11.16779828,0.971871252,0.387561723,-0.010382575,1,1,0.480346856,0.480346856,0.519653144
5351,10262,200,1.159345522,-0.190866182,-0.159722747,0.135727664,14.63868153,0.180441794,-0.980113641,1.015573093,1,1,0.439483159,0.439483159,0.560516841
5586,9686,200,0.250094296,-0.384004197,1.230680968,0.052560481,19.49859978,1.878945321,0.165694762,2.008358056,1,0,0.444705492,0.444705492,0.555294508
5026,9429,200,0.434755977,-1.559470188,-0.294304087,0.233934839,14.26488329,1.362090696,0.291429011,0.178470713,1,1,0.697340297,0.697340297,0.302659703
2312,9002,200,0.924443793,0.394528101,-0.251216639,-0.126947061,14.28062455,1.141156131,-0.456954765,2.005111339,1,1,0.363156002,0.363156002,0.636843998
5544,9662,200,1.023049593,-0.368052332,1.321422785,0.499454677,19.55458634,0.784273946,0.745725227,-0.948469348,1,1,0.543516433,0.543516433,0.456483567
3864,554,200,-0.142563206,-1.627884455,-0.479164052,0.063173104,13.53081267,1.274097893,1.593065414,-0.925033431,1,1,0.506385665,0.506385665,0.493614335
4026,7571,200,-0.570760425,-1.48796663,0.623163711,-1.593063931,17.06345745,-0.079088763,0.502882402,2.681847177,1,1,0.484980441,0.484980441,0.515019559
3788,9303,200,0.722953861,-0.512866186,0.865001596,0.709335855,17.98325237,-0.765623812,0.118544684,1.249638872,1,1,0.539281729,0.539281729,0.460718271
2812,717,200,1.18104295,-0.371210063,2.082704615,1.345024189,21.44616359,-0.158069106,-0.48976776,0.84085091,1,1,0.372996538,0.372996538,0.627003462
4074,4562,200,-0.33349305,-1.491515395,2.125190357,-1.197689404,21.09234519,0.005674991,-0.549490999,1.708470579,1,1,0.387446492,0.387446492,0.612553508
4625,6570,200,0.163630909,-0.675810641,0.357369501,0.915414407,16.44698444,1.047853556,1.183546552,-0.916119246,1,1,0.65732879,0.65732879,0.34267121
2672,696,200,1.108107241,-0.577761499,1.163248602,0.652380068,19.07338076,1.499502666,-0.496854656,-0.708091664,1,1,0.569212435,0.569212435,0.430787565
3972,6056,200,-0.076078966,-0.598545189,0.649433092,1.374757549,17.32994262,0.966363392,1.468317888,-0.795705854,1,1,0.514624221,0.514624221,0.485375779
4563,6558,200,0.340279235,-0.440457114,1.279176573,0.236281538,19.30013672,0.452951159,0.969536731,0.6716312,1,0,0.526062259,0.526062259,0.473937741
5232,9569,200,-0.060919018,-0.29728721,1.73009819,1.214015375,20.56317671,-0.483302409,-0.431458565,-0.904309866,1,1,0.49813388,0.49813388,0.50186612
2289,3772,200,0.004904115,-0.728113075,-0.375470133,-1.022712907,13.86948318,-0.209085696,0.900808078,-0.549721363,1,1,0.694182051,0.694182051,0.305817949
4484,9315,200,0.296544914,-1.30627973,1.670940775,0.718467153,20.36154116,-0.441139586,0.422625634,0.937086622,1,1,0.640677127,0.640677127,0.359322873
5506,9644,200,0.180173841,-0.46058187,-0.228335696,-1.447612126,14.08792984,-0.253973829,-0.52798139,-0.277157744,1,1,0.648694712,0.648694712,0.351305288
5318,9571,200,0.449846527,-0.171971711,0.541794385,1.147085146,16.84768362,-0.602381254,0.115647835,-0.755897772,1,1,0.64458781,0.64458781,0.35541219
5042,373,200,0.152414545,-1.38010246,-0.60716424,0.400117261,13.09219247,1.023453734,0.19193814,0.648093936,1,0,0.679109248,0.679109248,0.320890752
2492,799,200,0.23942619,-1.470170077,-0.684981201,-0.413528571,12.38373204,0.353057353,0.247323319,-0.535666418,1,0,0.707224306,0.707224306,0.292775694
2340,3685,191,-0.169048195,-1.083218204,1.846291577,0.517792312,20.54354284,-1.060113698,0.675462933,-0.35618154,1,0,0.549869094,0.549869094,0.450130906
4811,422,200,0.677521844,-0.751043152,0.428871226,-0.330687987,16.83890489,-1.810547217,-0.338411079,-0.610794285,1,1,0.583517554,0.583517554,0.416482446
3001,629,200,-0.272407738,-1.626917778,-1.493886693,-2.674437625,9.474989214,0.526148504,0.475026726,0.358111347,1,1,0.420704376,0.420704376,0.579295624
2582,797,200,-0.725471427,-1.674528483,-2.024703846,-3.50639811,7.266632556,0.023089975,0.919048904,-0.619550457,1,0,0.402244329,0.402244329,0.597755671
5424,10271,191,-0.063651385,-0.905782671,-0.891938351,-1.608426258,11.66337566,-0.008426308,0.503528635,-0.891373895,1,1,0.697792078,0.697792078,0.302207922
5603,9979,200,-0.352898458,-0.791111287,-0.813585425,-0.977700114,12.21330288,-0.128433704,0.194268601,0.693539815,1,1,0.58939977,0.58939977,0.41060023
3895,6099,200,0.163667118,0.09239366,1.349062843,0.855183596,19.77410936,-1.009244981,0.362370594,0.141345266,1,1,0.511145727,0.511145727,0.488854273
5710,84,200,-0.358246342,-1.618374958,-1.05122143,0.445141208,11.20022787,1.086671964,1.00187769,0.554387226,1,0,0.432066667,0.432066667,0.567933333
4486,6537,200,0.185885075,-0.637116747,0.256021878,1.230207111,15.80271771,0.709038832,0.957257641,-0.942710175,1,1,0.647915427,0.647915427,0.352084573
4576,6572,200,0.057772301,-0.598078395,0.395499602,0.125706324,16.56133831,0.471018731,0.82715843,-0.423612182,1,0,0.659453246,0.659453246,0.340546754
5698,9921,200,-0.308410647,-1.074152469,-0.906276147,0.360994181,11.84176487,-0.530392038,-0.550132315,-0.659361866,1,0,0.624922753,0.624922753,0.375077247
5322,9559,200,0.241809278,-0.981088333,0.935696897,0.552157454,17.92989516,0.477029647,2.713918925,-0.745195236,1,1,0.67573209,0.67573209,0.32426791
5350,9568,200,0.266311284,-0.601731927,1.101330933,0.938995392,18.85520863,-0.785663113,0.596830011,-0.595100365,1,0,0.670578002,0.670578002,0.329421998
2684,697,200,1.099041227,-0.436097144,1.172743363,0.828774141,18.97623441,0.32266866,0.771872511,-0.323785727,1,0,0.532863906,0.532863906,0.467136094
4405,6532,200,0.200451828,-0.529986896,1.37067562,1.08500352,19.2637272,0.834596519,-0.088421491,0.859905178,1,0,0.529652732,0.529652732,0.470347268
5405,9620,200,0.489070632,-1.180738092,-0.05870678,0.746754462,15.13838423,1.025829499,-0.695865116,0.242781668,1,1,0.690730212,0.690730212,0.309269788
4025,6050,200,0.577388062,-0.546001754,0.66496521,1.202505496,17.41796156,0.522298731,0.515822405,0.09733787,1,1,0.618703546,0.618703546,0.381296454
5357,9587,200,0.408596963,-0.737515452,1.168854081,0.63207547,19.00978414,-0.588763228,0.714870732,0.115569297,1,1,0.688800211,0.688800211,0.311199789
4200,476,200,0.101719894,-1.625121429,-0.20727583,-0.531919789,14.4631993,0.621002724,1.102957293,-0.727619604,1,1,0.603249247,0.603249247,0.396750753
5089,9464,200,0.367117363,-1.60912953,-0.372184579,-0.032974431,13.84157804,0.811769347,0.999396744,-0.414197041,1,0,0.628435766,0.628435766,0.371564234
3744,7575,200,-0.645185355,-1.336077598,-0.50551061,-2.507654581,13.05060267,-0.149055782,-0.246664358,1.119873387,1,1,0.510993116,0.510993116,0.489006884
4379,6514,200,-0.234785409,-1.022964951,-0.50495966,0.116675028,13.30993734,0.20546388,0.695553234,0.76683262,1,0,0.605021586,0.605021586,0.394978414
5354,9577,200,0.506523689,-0.22270882,1.046338141,1.131981449,17.52085627,-0.02973618,-0.567083746,0.625993914,1,1,0.546577779,0.546577779,0.453422221
3015,3861,191,1.103645533,-0.281445464,2.154076737,1.333977464,21.90513812,0.862682948,0.078199136,-1.004865625,1,1,0.424069014,0.424069014,0.575930986
4907,387,200,0.826875201,-0.823562938,-0.17521024,0.276360256,14.46574824,-1.040876307,-0.564499005,-0.985583561,1,1,0.650887242,0.650887242,0.349112758
4046,6105,200,-0.282254709,-0.303969517,1.793562911,2.58630667,20.68334029,4.921827162,2.117017008,-1.073918029,1,0,0.21843748,0.21843748,0.78156252
3817,6025,200,-0.333682209,-1.22078493,-1.469852519,-1.971081336,9.647657467,0.065972252,0.778877541,0.216388137,1,0,0.445087029,0.445087029,0.554912971
5661,9766,200,-0.302967354,-0.590813555,0.254726389,0.367435591,16.1637403,-1.127090766,-2.027771328,-0.738914727,1,1,0.553413219,0.553413219,0.446586781
4573,9340,200,-0.668053243,-1.717394443,-1.313702429,-1.577975313,10.25858325,0.741056628,0.542187049,-0.178465944,1,1,0.386220413,0.386220413,0.613779587
5143,9530,200,0.095258767,-0.043991907,1.709036398,-0.105515607,20.49926031,1.256708402,-0.150304667,1.396185166,1,0,0.359328908,0.359328908,0.640671092
2967,666,200,1.064050424,-0.759550609,0.492801309,1.162601992,16.29595196,0.46622472,0.115935791,0.352792607,1,1,0.586686783,0.586686783,0.413313217
5671,9733,200,-0.360645874,-1.501205835,-0.780884313,0.277385613,12.08980671,0.681603589,0.448618577,-0.384609023,1,1,0.635578166,0.635578166,0.364421834
3923,6108,200,0.177321522,0.118678734,1.997958457,0.966455425,21.74397155,1.52771246,0.537504742,0.13970216,1,1,0.437793975,0.437793975,0.562206025
5299,9567,200,0.09637923,-0.690119714,1.205588773,1.192837819,19.16310895,0.28850308,0.348899904,-1.26719819,1,1,0.644160731,0.644160731,0.355839269
4444,6541,200,0.294915119,-0.369479128,1.497931082,1.300799793,20.00668574,0.224352114,-0.156986109,0.053008105,1,0,0.547263232,0.547263232,0.452736768
5548,9653,200,0.740911253,-0.556411724,1.089813243,0.295756681,18.78589632,-0.125865872,1.042629962,-0.382057765,1,1,0.599763986,0.599763986,0.400236014
4416,4543,200,-0.028935623,-1.350643265,-0.699059597,0.047904973,12.75239145,0.04666343,-0.646220541,-0.634883266,1,0,0.696999328,0.696999328,0.303000672
4880,386,200,0.797010033,-0.805845511,0.266279126,0.229304089,15.83237765,-0.915395808,-0.316771516,0.62103161,1,1,0.562866839,0.562866839,0.437133161
4389,4532,200,0.282283869,-1.342375678,-0.335664376,-0.315769534,13.69561964,-0.340517215,-0.417639612,2.933418793,1,1,0.610965864,0.610965864,0.389034136
5187,9470,200,0.749968554,-1.190719756,-0.266487077,0.136097564,14.25917534,0.38667416,-0.854997471,-0.305900056,1,1,0.61381688,0.61381688,0.38618312
4399,4533,200,0.142863931,-1.350359302,0.572088933,0.019695844,17.11560509,-0.069112126,0.445801208,1.96765528,1,1,0.652380503,0.652380503,0.347619497
5011,392,200,0.514781546,-1.498729929,-0.583902566,-0.082188291,12.94126198,1.138977482,0.302197125,1.012865398,1,0,0.592899911,0.592899911,0.407100089
3910,6063,200,0.640850256,-0.268667165,1.168244366,0.859883437,18.99585503,0.246086396,0.075880782,0.400561204,1,0,0.586732257,0.586732257,0.413267743
4406,9337,200,0.031423034,-1.369270375,-0.192470999,0.165729873,14.54861837,-0.930788438,0.157191228,-0.109744708,1,1,0.671383744,0.671383744,0.328616256
2205,3771,200,0.383877632,-0.627545499,-0.609152827,-1.216437242,13.01548064,-0.489411636,-0.299307367,-0.059275381,1,1,0.639579644,0.639579644,0.360420356
4267,464,200,0.145551214,-1.534612346,-0.538632129,-0.343060453,13.06597625,0.266714212,0.604017773,-0.366138415,1,0,0.674739751,0.674739751,0.325260249
3911,6055,200,0.108976622,-0.331763943,1.071084522,1.020261404,18.74718889,-0.745346425,-0.441367209,0.911857862,1,0,0.449272875,0.449272875,0.550727125
4425,4547,200,0.203847422,-1.550559657,2.056310064,0.911166819,21.77522235,2.273162729,2.468224592,-1.081273934,1,0,0.425472198,0.425472198,0.574527802
4663,9370,200,0.050528485,-1.499541879,-1.377812114,-1.403712181,10.0296049,-0.550941763,-0.180277575,1.580203113,1,0,0.418983217,0.418983217,0.581016783
4788,9332,200,0.596538763,-0.62745689,0.271689911,0.954930644,16.08497345,-1.044276135,-1.229802639,-0.514465722,1,1,0.582761219,0.582761219,0.417238781
4145,4564,200,0.111068315,-1.426933573,-0.572113076,-0.340291613,12.99257821,0.806877036,1.115453793,-0.975082933,1,1,0.582702583,0.582702583,0.417297417
5054,9485,200,0.326900826,-0.974096732,-0.824204006,0.390678978,12.01047573,-0.711149657,0.015391584,-0.147719133,1,0,0.700344948,0.700344948,0.299655052
5692,9945,200,-0.318315125,-0.994214682,0.216397741,0.281089233,15.82247635,0.780932942,1.342727194,-0.33442686,1,0,0.55597917,0.55597917,0.44402083
5216,9519,200,0.664972023,-0.753242993,0.802152693,0.81391006,17.72936343,1.822628957,0.46816536,-0.107447486,1,1,0.625506181,0.625506181,0.374493819
5490,9988,191,0.926481117,-0.612019728,-0.369383751,-0.434500946,13.91622647,-0.458068294,-0.279000458,-0.546816111,1,0,0.629847726,0.629847726,0.370152274
4434,7410,200,0.183107568,-0.506744872,0.869785406,1.357130749,18.1694089,1.103011788,0.387071711,-0.152449045,1,1,0.566990351,0.566990351,0.433009649
3941,4147,200,0.36285942,-1.554765853,0.071611624,0.555097688,15.63311272,1.678129759,1.633935107,-1.177147208,1,1,0.591681388,0.591681388,0.408318612
5497,9646,200,0.305237461,-0.505102303,0.020300289,-0.701494105,14.97218744,-0.391452111,-0.166180408,0.820250231,1,0,0.612099754,0.612099754,0.387900246
2907,643,200,-0.046334257,-1.497131073,0.463392938,-0.260068023,16.81456906,-0.127082278,0.512320583,-1.032248817,1,1,0.695084738,0.695084738,0.304915262
5602,9687,200,0.476235677,-0.331490823,1.366587808,0.275457282,19.75046452,0.132711573,-0.153174055,0.812704397,1,1,0.603599733,0.603599733,0.396400267
5428,77,200,-0.080534492,-1.688762803,-0.07127158,0.208571738,14.87478392,0.235880305,0.249740633,-1.314883249,1,1,0.66543061,0.66543061,0.33456939
5587,9648,200,0.397323901,-0.775453557,0.711570534,0.954172764,17.47863201,1.454647086,2.00217829,-0.508512718,1,1,0.592572545,0.592572545,0.407427455
5179,9490,200,0.045548459,-1.241730239,0.982134724,0.524839184,18.41650381,1.294091691,1.020993287,0.548914084,1,1,0.528667359,0.528667359,0.471332641
4529,448,200,0.038947484,-1.511323605,-0.131674211,-0.083158831,14.73218071,0.673469063,-0.085652875,-0.221958774,1,1,0.67192934,0.67192934,0.32807066
4848,413,200,0.372129139,-1.424929224,0.182343325,0.23488122,15.88130257,0.369322173,0.441623907,1.478775423,1,1,0.695524392,0.695524392,0.304475608
5227,9521,200,0.604042905,-0.788283742,0.853362821,0.73381312,17.99612857,0.287237457,0.735921179,0.083946961,1,1,0.696039585,0.696039585,0.303960415
3888,6084,200,0.468086382,0.098517194,3.003914337,1.175908854,22.90729812,-0.706441864,1.061001369,1.423448897,1,1,0.297221484,0.297221484,0.702778516
5025,9501,200,0.458171529,-0.297251752,1.367335048,0.731113116,19.58094294,-1.264581531,-0.553235821,-0.376850614,1,1,0.559937135,0.559937135,0.440062865
3988,6104,200,-0.263918915,-0.259852795,2.157244051,0.829272853,21.87246055,-0.28881899,0.289846987,-0.056852278,1,0,0.551472131,0.551472131,0.448527869
5159,9514,200,0.400855176,-0.643426206,0.647291511,0.464380047,17.76928641,-1.133456498,-0.404172042,-0.061639949,1,1,0.67490534,0.67490534,0.32509466
2352,3711,200,0.150266109,-1.038162454,1.020091176,0.641592838,18.72260852,-0.459170938,1.278269287,0.55938503,1,1,0.577359005,0.577359005,0.422640995
3022,665,200,0.793315082,-0.7537933,0.629642407,1.545757238,17.09672536,-0.357088962,0.159539898,-0.635651223,1,1,0.654137987,0.654137987,0.345862013
2902,3937,191,0.986052029,-0.460070143,0.516908137,0.660195403,16.76228386,-0.165134573,-0.408892629,-1.011496011,1,1,0.686263776,0.686263776,0.313736224
5694,9936,200,-0.169031225,-0.964013655,-0.359293379,1.164611736,13.60433177,0.236110683,0.716728144,-0.994410115,1,1,0.689666112,0.689666112,0.310333888
5688,9951,200,-0.605249813,-0.974934882,-0.673117743,-1.067020427,12.69896895,0.54077873,0.593935633,-0.380063457,1,0,0.553768465,0.553768465,0.446231535
3631,4125,200,0.585078968,-0.422022776,1.949179297,1.751452235,21.13125929,-0.086925556,0.030384689,-0.910386378,1,1,0.603985435,0.603985435,0.396014565
4064,6466,200,0.499919376,-0.312190633,-0.598715193,0.617205185,13.10078752,-0.3474973,-0.2312579,0.654129064,1,1,0.695331089,0.695331089,0.304668911
5119,9489,200,0.152031808,-1.113603903,0.727258553,0.772264862,17.46172788,-0.374882612,0.876877586,-1.063820733,1,0,0.687514697,0.687514697,0.312485303
5355,9578,200,0.487644643,-0.320533807,0.585786155,1.253175683,16.79130546,0.899763229,-0.942372883,0.93187288,1,1,0.428245538,0.428245538,0.571754462
3037,4028,200,-0.116050968,-1.496354667,-0.892252161,-1.082549411,11.79839194,0.355521889,0.225154388,0.237496172,1,0,0.550733015,0.550733015,0.449266985
5478,9628,200,-0.175839261,-1.148014798,0.201087544,0.667917666,15.65422193,0.704132697,-0.044956141,0.268348499,1,1,0.684303825,0.684303825,0.315696175
5250,9555,200,0.02482603,-0.679119701,1.40052,0.897343068,19.69014854,0.379141891,-0.337724245,-0.68448094,1,1,0.705027277,0.705027277,0.294972723
4562,4538,200,0.205088292,-1.41291427,0.006000825,1.204444631,15.03221692,0.932047715,0.88769538,-1.03469296,1,0,0.625711495,0.625711495,0.374288505
2835,3854,191,-0.185176882,-0.700568092,-0.339366911,-0.244671614,14.0890725,0.200232167,-0.977653973,0.868596726,1,1,0.552732282,0.552732282,0.447267718
5703,9938,200,-0.352813546,-1.088109383,0.951198995,1.285146785,17.96278035,0.282413909,0.597234944,0.153957839,1,0,0.526511876,0.526511876,0.473488124
4564,435,200,-0.583863879,-1.720533047,-1.404374828,-2.518982468,9.764059387,0.2314639,0.198385644,-1.153902827,1,0,0.433616622,0.433616622,0.566383378
5682,81,200,-0.435175181,-1.69125444,-0.050505723,0.27244844,14.94630921,0.40353692,0.51185363,-0.875406994,1,1,0.688803733,0.688803733,0.311196267
2154,855,200,1.211685019,-0.179881565,0.805074617,0.866019988,17.92439852,-0.748427183,-0.868261243,-0.260243882,1,0,0.39035639,0.39035639,0.60964361
5576,9982,191,-0.575168916,-0.856623748,-0.814197038,-0.889554825,12.20082432,1.104967974,0.365210784,0.380077898,1,1,0.496703785,0.496703785,0.503296215
4229,4559,200,-0.376174729,-1.574099406,2.652717063,-0.759139298,24.01822424,1.361688415,0.536251584,0.5474726,1,1,0.34177392,0.34177392,0.65822608
5454,9634,200,0.231467472,-1.254501749,-0.965254622,-0.004426918,11.64722225,-0.064999756,-0.23104487,0.770958306,1,1,0.640997565,0.640997565,0.359002435
5421,9580,200,0.982384895,-0.202937412,1.326166957,0.768402404,19.61765778,-0.384416661,-1.216777073,-0.558867411,1,0,0.464729505,0.464729505,0.535270495
4171,6483,200,0.240790576,-0.867984251,0.349832174,0.618985895,16.31152659,-0.835616272,-0.257843625,0.445502905,1,1,0.695607127,0.695607127,0.304392873
2962,662,200,0.590325042,-1.217692459,0.150931276,0.78045265,15.29927138,1.43929945,1.279731764,-0.883214478,1,1,0.640933682,0.640933682,0.359066318
3884,6072,200,0.654377954,-0.043849444,0.149542841,0.723065291,15.32545764,-1.786932097,0.06365902,1.123792811,1,0,0.5059495,0.5059495,0.4940505
4674,7443,200,0.371273436,-0.741818225,-0.787446578,-1.213558251,12.10109862,-0.022071632,-0.039312789,2.200940587,1,1,0.647285004,0.647285004,0.352714996
5319,9563,200,0.131115377,-0.882097279,1.98296169,0.748339409,21.48494764,1.843566625,1.550608269,-1.161876097,1,0,0.485575221,0.485575221,0.514424779
5432,9584,200,0.557456424,-0.396709551,-0.187080141,0.282874481,14.6871095,-1.737344993,-0.715434924,-0.996390078,1,1,0.617841078,0.617841078,0.382158922
5361,9586,200,0.389446211,-0.651853242,1.31494572,-0.000936304,19.8779299,1.144689188,-0.104483385,1.177693597,1,1,0.548540094,0.548540094,0.451459906
2366,3677,191,-0.338382586,-1.220798476,-0.757584634,-0.133487725,12.56711479,0.378627347,0.594900627,-0.431197091,1,0,0.606120754,0.606120754,0.393879246
5714,9934,200,-0.725369596,-1.349916277,-0.607244048,0.774018761,12.95988082,0.280680283,-0.875122892,0.089361828,1,0,0.564732709,0.564732709,0.435267291
5549,9631,200,-0.179859532,-1.101482678,-0.103963817,0.730735974,14.54551709,-1.236616624,-0.340015661,0.528250131,1,1,0.617111969,0.617111969,0.382888031
2842,3887,200,-0.156226752,-0.765470317,1.306083922,0.744718123,19.31172716,1.405425007,0.219628076,-1.034594768,1,1,0.656685437,0.656685437,0.343314563
5711,9932,200,-0.58744371,-1.215649308,-0.30056547,1.156417165,13.96946396,-0.156208684,-0.323205631,-1.061374533,1,1,0.671628278,0.671628278,0.328371722
2286,3764,200,-0.043278332,-0.72913014,-0.464210158,-0.431299641,13.79103485,-0.397118325,-0.505284731,0.426158729,1,1,0.619896853,0.619896853,0.380103147
4453,454,200,-0.4381089,-1.663056608,-0.656105901,-0.294631469,12.89071317,1.354907041,0.747294568,-0.959774502,1,1,0.470433628,0.470433628,0.529566372
2957,9159,200,0.51820426,-0.479626827,0.028179675,0.360462358,15.13385091,0.32493359,0.944947197,-1.219113142,1,0,0.681883187,0.681883187,0.318116813
5012,404,200,0.498102787,-1.411510252,1.535913838,0.61684659,19.95339919,-0.386386314,-0.255408823,-0.092294663,1,1,0.683986904,0.683986904,0.316013096
4968,9500,200,0.450112822,-0.310018516,0.239125754,0.75941032,15.96077635,0.533538263,-0.546379864,-0.337412162,1,1,0.696385995,0.696385995,0.303614005
5155,9511,200,0.180825726,-0.802245075,-0.658652528,0.953391763,12.80663447,-0.860089538,-0.723082719,-0.2544918,1,1,0.626474874,0.626474874,0.373525126
5422,9622,200,0.237218458,-1.345177815,-0.484859009,0.240981918,13.34806051,-1.750961527,0.661753006,0.862686441,1,0,0.579392659,0.579392659,0.420607341
4547,4546,200,0.319444323,-1.361142608,0.030056829,0.156552621,15.06990323,0.771934361,0.630759993,1.346082726,1,0,0.640255965,0.640255965,0.359744035
3887,6098,200,0.181640704,0.070122699,1.774792064,1.28030182,20.7090372,1.260426057,-0.103229307,-0.55397619,1,0,0.460531607,0.460531607,0.539468393
4553,7534,200,0.023952914,-0.97144455,-0.119806492,-0.049719596,14.67322776,-0.105975263,1.209773149,-0.291874505,1,1,0.674016362,0.674016362,0.325983638
4508,9344,200,0.459529718,-1.074346234,-0.042201116,-0.27732789,14.85546331,-1.181772491,0.521558074,1.536666576,1,1,0.586527018,0.586527018,0.413472982
5719,9931,200,-0.590573748,-1.757243665,0.347256398,0.021876431,16.2990366,0.395013561,0.896445036,-0.388356318,1,0,0.48151858,0.48151858,0.51848142
5491,10045,191,0.538984786,-0.548466863,0.186304048,0.191591057,15.91601541,-1.908821121,-1.781807844,-0.863394399,1,1,0.578311162,0.578311162,0.421688838
3919,6048,200,0.129893018,-0.577618005,0.466902789,1.003621227,16.65843804,0.447505872,0.656995213,-0.52168632,1,0,0.70742028,0.70742028,0.29257972
5683,9943,200,-0.287289795,-0.729325927,0.237063793,0.835805494,16.11630044,0.899275881,-0.85042544,-0.529802913,1,1,0.636991156,0.636991156,0.363008844
3883,6078,200,0.592871635,-0.162941653,-0.127172738,1.173643676,14.63091118,0.281266755,-0.062968072,-0.18579598,1,1,0.636570521,0.636570521,0.363429479
3147,730,200,0.960021648,-0.453427548,0.084001898,0.695884882,15.13810301,-0.394899147,-0.467894445,-0.297539604,1,1,0.648449052,0.648449052,0.351550948
5442,101,200,-0.193794711,-1.397370526,-0.485970279,0.371741359,13.18356904,0.654119553,0.003397532,-0.137564651,1,0,0.684383747,0.684383747,0.315616253
4824,9505,200,0.667742835,-0.559197318,-0.386421474,-0.144472038,13.76999807,-0.670473545,-0.56164817,-0.901589786,1,1,0.63197565,0.63197565,0.36802435
3039,3863,191,1.01074424,-0.17013769,-0.129611724,0.664131217,14.56878391,-0.156299095,-0.790273921,-1.00221643,1,1,0.649434457,0.649434457,0.350565543
4414,6533,200,0.273115911,-0.54016591,0.619105332,1.400085528,17.43342544,0.774995719,0.204625408,-0.082582366,1,0,0.616877333,0.616877333,0.383122667
5473,103,200,-0.590907165,-1.53906519,0.883935717,0.626291523,18.27790822,-0.044709652,0.565510442,-1.265102362,1,1,0.638403778,0.638403778,0.361596222
4747,7550,200,0.466320825,-0.410392198,-0.510612491,0.849519632,13.26774971,-1.005658788,-0.633409961,-0.392172597,1,1,0.644712829,0.644712829,0.355287171
2792,3888,200,-0.230128726,-0.883895021,-1.207496909,-2.107156453,10.76847634,-0.018446613,0.114614394,-0.312485475,1,1,0.591534263,0.591534263,0.408465737
5477,9588,200,0.251520426,-0.488845879,1.63698375,0.512463813,20.77133742,0.10554643,-1.20134717,-0.266127985,1,0,0.600910825,0.600910825,0.399089175
5471,10044,191,0.023036114,-0.726114883,-0.58168701,-0.197427954,13.11120248,0.733533885,0.051623628,0.137382206,1,1,0.661852691,0.661852691,0.338147309
3985,6033,200,0.161186096,-0.875206849,0.39960328,1.416166456,16.15693734,0.358261814,0.812823622,-0.757076285,1,1,0.674331041,0.674331041,0.325668959
3038,3862,191,0.900973993,-0.049428901,1.056718362,1.083850486,18.56124051,-0.832846692,0.382324776,0.219728415,1,1,0.409969293,0.409969293,0.590030707
5363,9480,200,0.093221443,-1.58440985,0.430487225,-0.254537689,16.71342602,-0.049878087,2.71967346,-0.49194447,1,1,0.587766326,0.587766326,0.412233674
5584,10001,191,-0.533920708,-0.947731644,-1.609765143,-1.823213866,9.078496949,-0.118352914,0.191090428,0.122483938,1,1,0.508843913,0.508843913,0.491156087
3451,573,200,-0.651415195,-1.679342668,-2.111892417,-3.204104591,6.967231053,-0.009082826,0.336494896,-0.254708761,1,1,0.455711268,0.455711268,0.544288732
4132,6480,200,0.046363275,-0.471831194,-0.17413376,0.964535907,14.67882076,-0.473847886,-1.929885879,-0.93990703,1,1,0.629270141,0.629270141,0.370729859
5516,9746,200,0.543466866,-0.695900183,-0.501090236,0.186519156,13.4410431,-0.552309654,-0.639375096,0.469421155,1,1,0.660003875,0.660003875,0.339996125
5631,109,200,0.581157116,-0.600850737,1.555792885,0.723134826,20.32970138,1.11432727,0.458419087,-0.184839191,1,1,0.648672383,0.648672383,0.351327617
5342,10258,200,1.098565856,-0.133983812,0.695268283,0.660878616,17.42757066,-1.214756523,-0.18983976,1.057329226,1,1,0.415999036,0.415999036,0.584000964
4952,405,200,-0.021566419,-1.730284479,-1.010778637,-1.84324529,11.60926048,0.828997045,0.482404908,-0.81359684,1,1,0.543760029,0.543760029,0.456239971
3059,723,200,0.708721795,-1.104535519,-0.120298139,0.823661973,14.53394658,0.94358887,0.755521362,0.12922039,1,1,0.633812949,0.633812949,0.366187051
4557,7533,200,0.395694026,-0.706928667,0.819471737,0.357228268,18.05261738,0.395548272,-0.740272525,0.49076076,1,1,0.671514692,0.671514692,0.328485308
5262,9553,200,0.005752922,-0.973654964,0.492702288,1.639113458,16.80561621,-0.107238077,0.788599818,-1.084849227,1,1,0.628341088,0.628341088,0.371658912
5372,9579,200,0.806890985,-0.483545049,0.451078198,0.433397951,16.61332823,-0.378132989,-0.004011724,1.092145242,1,0,0.589020644,0.589020644,0.410979356
2221,901,191,-0.06945775,-1.453014249,-0.199504737,0.039070232,13.96322779,1.176300622,0.75434801,-0.788364046,1,1,0.65090729,0.65090729,0.34909271
4305,6487,200,0.060217054,-0.731841601,-0.783481067,1.108622326,12.3380117,-0.698454635,-0.943859042,-0.849054904,1,1,0.605308942,0.605308942,0.394691058
3701,4573,200,-0.934630374,-1.287985143,0.632160467,-1.277511034,17.59447988,-0.164998756,0.054592387,0.542040485,1,1,0.517907164,0.517907164,0.482092836
4483,6526,200,-0.02775403,-0.836593677,0.09692645,1.79326176,15.42846478,0.800742299,1.299097029,-0.972857097,1,1,0.569816919,0.569816919,0.430183081
2235,809,200,0.174347139,-1.181616372,-0.59137625,0.51751177,13.07723981,-0.181437904,0.135993043,0.311681803,1,1,0.801041405,0.801041405,0.198958595
2270,3700,191,-0.15599248,-1.112059163,0.360152566,0.664996353,16.55435371,0.671006561,0.655284006,-0.797396989,1,1,0.73608466,0.73608466,0.26391534
2367,3678,191,-0.490997444,-1.190831712,-0.472886188,0.697473484,13.51640341,0.990626131,0.529739992,-0.797835167,1,1,0.721081365,0.721081365,0.278918635
2482,816,200,0.605129448,-1.129561442,-0.454223645,1.20164918,13.22913443,0.128834178,0.080076096,-0.657744371,1,0,0.773578229,0.773578229,0.226421771
2529,3830,191,0.520105781,-1.272127663,-0.649458334,-0.702545384,13.09650708,-0.050922953,0.173992239,-0.82796706,1,1,0.773817612,0.773817612,0.226182388
2585,795,200,0.422450721,-1.231106052,-0.987782016,0.426824289,11.41228298,0.133919247,0.209731204,-0.39425121,1,1,0.808346237,0.808346237,0.191653763
2761,657,200,0.479345245,-1.076452368,-0.897096043,0.375379663,11.88721473,-0.05407544,-0.024164621,-0.426368977,1,1,0.812866929,0.812866929,0.187133071
2770,678,200,0.610809247,-0.904394236,-0.585758357,0.111580832,12.93901044,0.271978397,-0.137553134,-0.204952044,1,0,0.716823551,0.716823551,0.283176449
2793,3886,200,0.111964686,-0.809497571,0.718966843,0.712986699,17.54710621,1.002720732,0.419329818,-0.717850867,1,1,0.791958552,0.791958552,0.208041448
2845,3857,200,0.65080759,-0.653133517,-0.854474979,0.172062725,12.15568932,-0.045776393,-0.088913522,-0.800600248,1,1,0.778945127,0.778945127,0.221054873
2859,3853,191,0.471442022,-0.576490107,0.486732083,0.49760977,16.68174505,-0.216075054,0.131773695,-0.741776085,1,1,0.883494355,0.883494355,0.116505645
2749,644,200,0.503026303,-1.162838885,-0.980623108,0.512930483,11.60289517,-0.126779256,0.087277488,0.214433646,1,1,0.775211475,0.775211475,0.224788525
2926,661,200,0.353263593,-1.381511308,-0.440968286,-0.020793611,13.81787723,0.726071842,0.720640928,-0.91900946,1,1,0.725349955,0.725349955,0.274650045
2901,4004,191,0.568865349,-0.956884768,0.128319917,0.32652801,15.74694903,0.782128589,0.6894307,-0.555962071,1,0,0.754255301,0.754255301,0.245744699
2943,4006,191,0.967498932,-0.779964217,-1.150442815,0.662151086,10.75460676,-0.295203036,0.256781431,-0.620297734,1,1,0.743480099,0.743480099,0.256519901
2941,3856,191,0.975274646,-0.498425754,-0.154078337,0.696052389,14.70593897,0.056132718,0.397745599,-0.398760395,1,1,0.782238957,0.782238957,0.217761043
3036,664,200,0.70660444,-1.102706665,-0.836886159,0.795460536,11.87176673,-0.063286977,0.64474621,-0.640205283,1,1,0.755242979,0.755242979,0.244757021
3060,727,200,0.561666793,-1.150555243,-0.465743868,0.241697361,13.74048261,0.171505786,0.38840393,-0.905537803,1,1,0.843607501,0.843607501,0.156392499
3161,732,200,0.930148235,-0.880685256,0.336547229,0.782695995,15.67409942,1.071052885,0.19086724,-0.790480589,1,1,0.711430828,0.711430828,0.288569172
3526,9248,200,0.665589063,-0.958719431,-0.231772742,0.402724724,14.38609025,0.065465905,0.519911067,-0.441190776,1,1,0.838270155,0.838270155,0.161729845
3556,4591,200,0.194588895,-0.906781018,-0.800928999,0.664680053,12.09833171,0.54944655,0.711375252,-0.96212294,1,1,0.7683963,0.7683963,0.2316037
3589,7579,200,0.634195073,-0.825357536,-0.230704025,0.595251987,14.35844682,-0.500617772,0.072730429,-0.419462588,1,1,0.825858738,0.825858738,0.174141262
3644,4592,200,-0.043441307,-0.944780251,-0.972930643,0.688609618,11.72466432,0.686700136,0.501820218,-0.655300262,1,1,0.752229828,0.752229828,0.247770172
3734,9301,200,0.558135478,-0.551756312,-0.295323792,0.558411047,14.24560522,0.18461163,-0.21003998,2.266126365,1,1,0.741201094,0.741201094,0.258798906
3727,9286,200,0.704879998,-0.611983314,0.080720124,0.571369471,15.46763652,-0.182866644,-0.042433245,-0.414289948,1,1,0.818660226,0.818660226,0.181339774
3810,9282,200,0.377120557,-0.978332476,0.538431556,0.572678213,16.39103513,-0.405758146,0.018766869,-1.057971701,1,1,0.813427739,0.813427739,0.186572261
3829,504,200,0.517389315,-0.893088271,0.602191353,0.683674118,17.1171297,-0.120025394,0.1337902,1.259243488,1,1,0.76568665,0.76568665,0.23431335
3890,6030,200,-0.094554145,-0.985849549,-0.625415853,0.518501785,12.85795944,0.690096168,0.397119171,-1.115966878,1,1,0.749300676,0.749300676,0.250699324
3908,6047,200,0.205426265,-0.64601736,-1.208627546,0.647268045,10.70261565,0.065610555,0.137417598,-0.171700004,1,1,0.776712567,0.776712567,0.223287433
3799,507,200,0.110393046,-1.236192542,-0.404060525,0.287528842,13.60472743,0.036443356,0.176465082,1.418266511,1,0,0.738001462,0.738001462,0.261998538
3949,4149,200,0.453243229,-1.373307351,-0.675912639,0.698118748,12.740334,0.100042358,0.179059305,-1.033237542,1,1,0.862455252,0.862455252,0.137544748
3973,7566,200,-0.174531986,-1.133185868,-0.78217191,0.595258311,12.31090413,0.064141608,0.456906729,-0.623512209,1,1,0.803574508,0.803574508,0.196425492
4016,7568,200,-0.116475179,-1.151937242,0.081701253,0.672838423,15.26654571,0.095470723,0.012464491,-0.919482135,1,1,0.836515602,0.836515602,0.163484398
4030,6469,200,0.423599004,-0.5585425,0.23608918,0.67134272,15.77837056,-0.510198056,-0.592434638,-0.666557451,1,1,0.786646691,0.786646691,0.213353309
4130,6482,200,0.070985665,-0.914348084,-0.870066458,0.389693579,11.84078885,0.162469831,-0.173328268,-0.712251507,1,0,0.801418668,0.801418668,0.198581332
4124,6475,200,-0.025666873,-1.290879651,-0.494902175,-0.035578825,13.45563014,0.266536356,0.474917413,-0.593712982,1,1,0.750459891,0.750459891,0.249540109
4119,473,200,0.087542466,-1.355984277,-0.148042713,0.776426679,14.52469106,-0.16722628,0.344274743,-0.744597424,1,1,0.902301796,0.902301796,0.097698204
4178,6492,200,0.385982776,-0.647443456,-1.372197531,0.502404046,9.898302667,0.097200814,-0.300024856,-0.849110463,1,1,0.810196115,0.810196115,0.189803885
4231,6493,200,0.392298452,-0.608171343,-0.183256267,0.419124859,14.63743692,-1.324376119,-0.050501345,0.531105564,1,1,0.721879045,0.721879045,0.278120955
4227,6486,200,0.120375873,-1.061339881,-0.426213549,0.52418208,13.27976867,0.776382098,0.573363529,-0.73042018,1,1,0.821506309,0.821506309,0.178493691
4268,4530,200,0.202502732,-1.189845406,-1.270376059,0.306656645,10.45567101,0.302702183,-0.046481476,-0.909161184,1,1,0.726842212,0.726842212,0.273157788
4186,472,200,-0.106990538,-1.345431019,0.4023016,0.523707467,16.35867764,-0.308636141,-0.580176568,-0.789525671,1,1,0.748156798,0.748156798,0.251843202
4285,4524,200,0.170367622,-1.447932952,-0.331359753,-0.081647844,14.10356042,-0.097062762,-0.376055509,-0.771385278,1,1,0.789419205,0.789419205,0.210580795
4258,6494,200,0.538414374,-0.677618158,0.112699039,0.621956853,15.38860243,-0.193726691,0.318139114,-0.633888526,1,1,0.935424671,0.935424671,0.064575329
4275,6489,200,0.148403435,-1.038912751,-0.186286321,0.357721002,14.17344569,0.535290063,0.436171805,0.837829002,1,1,0.739627639,0.739627639,0.260372361
4262,4527,200,0.305337551,-1.098208482,-0.120935941,0.244460437,14.66461384,-0.331405122,-0.465262863,0.349814192,1,1,0.736357952,0.736357952,0.263642048
4304,6495,200,0.187888398,-0.587953332,-0.187239235,0.634521398,14.2027753,-0.534323776,0.272943944,-0.754274971,1,1,0.871136969,0.871136969,0.128863031
4245,4560,200,0.282781785,-1.330966241,-0.639059088,0.330801647,12.87839093,0.554845111,0.778274882,-0.523748952,1,0,0.729413246,0.729413246,0.270586754
4330,4558,200,0.152558094,-1.35657419,-0.435181048,0.396930011,13.5515478,0.569265321,0.722683497,-0.357338568,1,0,0.741359074,0.741359074,0.258640926
4370,7525,200,0.351518336,-1.027153033,-0.129359674,-0.177770977,14.76682719,0.011456144,-0.173472766,-0.802564742,1,1,0.834440147,0.834440147,0.165559853
4364,6512,200,-0.077063698,-0.686595414,-0.902528385,0.592872573,11.96212522,-0.509009219,-0.49173899,-0.490638981,1,1,0.708529635,0.708529635,0.291470365
4365,462,200,0.489804125,-1.595105994,-0.886655739,-0.581781578,12.06647861,-0.059365241,0.258128183,-0.941494539,1,1,0.721247229,0.721247229,0.278752771
4424,4548,200,0.310165833,-1.106752511,0.118181737,1.048995465,15.55134911,-0.316336454,-0.66094375,-0.416606688,1,0,0.717479118,0.717479118,0.282520882
4415,4542,200,0.216600911,-1.449934779,-0.240565443,0.643102448,13.96937335,0.848372538,0.466429918,-0.906222121,1,1,0.840364877,0.840364877,0.159635123
4400,4555,200,0.387205243,-1.087767271,-0.360724031,-0.004188776,13.86569608,-0.029234093,0.201162109,2.425105428,1,1,0.732802821,0.732802821,0.267197179
4472,9313,200,0.293285248,-1.151926267,0.680481931,0.900726588,17.38727883,0.01256427,-0.008694869,0.139992147,1,1,0.742491555,0.742491555,0.257508445
4494,7411,200,0.248871909,-0.665739685,0.162560424,0.860266011,15.68649552,-0.247482387,0.384408702,-0.514728397,1,1,0.871197857,0.871197857,0.128802143
4487,4545,200,0.423296951,-1.310854466,-0.049630661,0.727761577,15.02852633,0.452960849,0.481319141,-0.931038352,1,1,0.878909621,0.878909621,0.121090379
4524,9310,200,0.39767698,-0.787559116,-0.166951909,0.553371119,14.75966154,-1.535797956,-1.194943362,-0.877648655,1,1,0.726492359,0.726492359,0.273507641
4544,6518,200,0.487563089,-0.914035305,0.687654341,0.61762065,17.72748079,0.510393664,0.694392701,-0.304153987,1,1,0.754563539,0.754563539,0.245436461
4549,7532,200,0.364234529,-0.767187977,-0.246429556,0.468429188,14.31955982,-0.423588303,-0.203697295,-0.413844895,1,1,0.867368431,0.867368431,0.132631569
4473,4536,200,0.398247376,-1.515747322,-0.441454963,0.551360966,13.56877478,0.34764248,0.652459368,-0.816477342,1,1,0.846374596,0.846374596,0.153625404
4569,9342,200,0.13125114,-1.568814804,-0.37186032,0.27417686,13.842872,-0.331089834,1.132774083,-0.81064401,1,1,0.713938453,0.713938453,0.286061547
4591,9322,200,0.454640153,-1.245707251,0.504951233,0.492857415,16.82260795,0.289065338,-0.184771728,0.262801543,1,1,0.755574757,0.755574757,0.244425243
4608,9356,200,0.448120757,-1.291819411,-0.248956904,0.62214362,14.27651605,0.707339172,-0.273000147,-0.439213958,1,1,0.829073234,0.829073234,0.170926766
4627,7545,200,0.469594071,-0.740336261,-0.609357516,-0.158559762,12.94405183,-0.37030471,-0.220308732,-1.111304672,1,1,0.744984857,0.744984857,0.255015143
4632,9325,200,0.676625474,-1.195278203,0.118811354,0.576652719,15.52019694,0.382072729,0.516042362,-0.096570204,1,1,0.745903811,0.745903811,0.254096189
4613,437,200,0.476643136,-1.454045206,-0.18975607,0.527734925,14.33836724,0.100082994,-0.081423045,-0.372121822,1,1,0.873479115,0.873479115,0.126520885
4652,7433,200,0.392298533,-0.677645666,-0.712945976,-0.569453478,12.68558405,-0.237061593,0.042962793,0.115151042,1,1,0.71153348,0.71153348,0.28846652
4692,421,200,0.378218423,-1.311428541,-0.135645147,-0.021616489,14.53586018,0.571109003,-0.110940028,0.061460158,1,1,0.719569117,0.719569117,0.280430883
4704,428,200,0.479444416,-1.513974301,0.243600653,0.587007408,15.9373526,0.311253439,0.534692279,-0.870765301,1,1,0.849700103,0.849700103,0.150299897
4717,7560,200,0.603703338,-0.617991703,-0.169971145,-0.000900354,14.77243171,0.036673214,-0.283105199,-1.277719041,1,1,0.729562506,0.729562506,0.270437494
4748,7554,200,0.504825932,-0.482449466,0.345357468,0.411661984,16.2188712,0.616794547,0.73869799,-0.50150772,1,1,0.728773471,0.728773471,0.271226529
4709,9330,200,0.589408241,-0.827945441,0.420340586,0.972476489,16.53104938,0.12300267,-0.091060869,-0.658237076,1,0,0.806079902,0.806079902,0.193920098
4715,9334,200,0.515433496,-0.957441482,0.026046558,0.761189801,15.26892447,-1.045070733,-0.781613087,-0.777286188,1,1,0.73004253,0.73004253,0.26995747
4783,423,200,0.391308946,-1.10792629,0.161788276,0.683284475,15.690359,0.525077211,0.212875582,0.17225188,1,1,0.795461766,0.795461766,0.204538234
4801,7558,200,0.478463085,-0.424373768,-0.140566327,0.428685588,14.5156508,0.101981702,-0.475241773,-0.488926821,1,1,0.818005806,0.818005806,0.181994194
4831,410,200,0.102511591,-1.337505256,0.317947721,0.611520716,16.1282396,0.103224761,0.078071478,0.318001864,1,1,0.780484711,0.780484711,0.219515289
4861,408,200,0.424325042,-1.525426876,-0.45229205,0.672046155,13.76891289,0.455317857,0.571383858,-0.488981701,1,1,0.827748763,0.827748763,0.172251237
4872,9506,200,0.570248244,-0.775086501,-0.109269446,0.263966107,14.82599413,-0.12531248,-0.441873032,-0.593184309,1,1,0.858525236,0.858525236,0.141474764
4823,9504,200,0.562916405,-0.556312055,0.54684674,0.333771576,16.78092464,0.029815932,-0.006841066,-0.31220694,1,0,0.77736674,0.77736674,0.22263326
4950,9495,200,0.423673087,-0.376845383,-0.18830661,0.861761848,14.49011104,-0.649538807,-0.332611934,-0.823977787,1,1,0.752838527,0.752838527,0.247161473
4955,406,200,0.303995642,-1.60031917,0.249376302,0.401742632,15.91849536,0.767096009,0.619466079,-1.071871318,1,0,0.727070819,0.727070819,0.272929181
4951,9508,200,0.413106232,-0.762896777,0.835776376,0.669734331,17.89337398,-0.026636668,0.3132628,-0.403817503,1,1,0.882266755,0.882266755,0.117733245
4998,381,200,0.467678937,-1.282790189,0.181091558,0.780582446,15.88561461,-0.001210625,0.449838065,-0.060683042,1,1,0.839064076,0.839064076,0.160935924
5032,9428,200,0.466432605,-1.095436065,-0.299093056,0.468958107,14.15416184,0.060843553,-0.310608626,-0.390738816,1,1,0.867182546,0.867182546,0.132817454
5068,9488,200,0.13377586,-1.16156396,0.381869433,0.40546997,16.39232746,-0.026954673,-0.079278327,-0.539268454,1,1,0.827388367,0.827388367,0.172611633
5041,9507,200,0.192913746,-1.008553378,0.154085169,0.785267751,15.54686233,0.629551044,0.105218199,-0.665190158,1,0,0.822498413,0.822498413,0.177501587
5072,375,200,0.287037476,-1.188096444,-0.458346726,0.741811435,13.47159654,-0.037636029,-0.240530384,-0.574087693,1,1,0.873537274,0.873537274,0.126462726
5044,9432,200,0.589359966,-1.250499089,0.103507971,0.553043419,15.27883534,-0.01711192,0.726594442,0.271978493,1,1,0.768127999,0.768127999,0.231872001
5015,9491,200,0.443095445,-0.877895303,0.879354584,0.993972269,17.75281658,-0.295052954,0.601437801,0.057859317,1,1,0.712707487,0.712707487,0.287292513
5096,9492,200,0.065514064,-0.851255285,-0.295092173,1.219627796,13.89335667,-0.43776288,-0.090158269,-0.778625812,1,1,0.771068778,0.771068778,0.228931222
5097,394,200,0.253201182,-1.652602489,-0.734926215,0.329063172,12.62366409,0.51014347,0.442692172,-0.628321293,1,1,0.751066253,0.751066253,0.248933747
5095,9502,200,0.26985616,-0.624533825,-0.040532069,0.711274355,15.06836306,-0.462568699,-0.66047939,-1.06512095,1,1,0.780823256,0.780823256,0.219176744
5112,9493,200,-0.072751365,-0.985012636,0.267049249,0.820716147,15.59211854,0.322413857,0.709232136,-0.659328551,1,0,0.749040338,0.749040338,0.250959662
5132,9466,200,0.655654694,-1.328705423,-0.274467875,0.22468954,14.12306346,-0.430992493,-0.073012564,-1.137137938,1,1,0.721239738,0.721239738,0.278760262
5154,9515,200,0.420588024,-0.749967028,-0.079425742,0.454638713,15.01893711,0.687140885,-0.110856858,0.4926879,1,1,0.806482957,0.806482957,0.193517043
5164,390,200,0.262114404,-1.618340646,-0.044881063,0.681827269,15.11278703,0.890522134,0.663405201,-0.974518436,1,1,0.762605484,0.762605484,0.237394516
5038,393,200,0.275647982,-1.573018209,-0.134704485,0.301126337,14.65241523,0.453539726,0.756524043,-0.656380409,1,1,0.764821082,0.764821082,0.235178918
5178,9512,200,0.091897195,-0.997696981,-0.83467229,1.042258013,12.07399446,-0.12001831,-0.550906843,-0.864441679,1,1,0.730490677,0.730490677,0.269509323
5073,376,200,0.115742974,-1.436641844,-0.012445156,0.56540632,15.10172625,-0.294008545,0.027259553,-0.202177283,1,1,0.812034422,0.812034422,0.187965578
5131,9527,200,0.418783562,-0.431523646,1.22044863,0.907381949,18.82711863,0.242611273,0.520472313,-0.919126734,1,1,0.733753099,0.733753099,0.266246901
5196,9528,200,0.533235117,-0.290322106,1.064606361,0.634073383,18.76018739,0.198087324,-0.156943438,-0.939475283,1,1,0.732064989,0.732064989,0.267935011
5185,369,200,0.222622759,-1.577626076,0.128364122,0.473791824,15.52409687,0.463631053,0.461431112,-0.709281017,1,1,0.823576512,0.823576512,0.176423488
5161,9469,200,0.706417706,-1.002929376,-0.275065183,0.239088882,14.05561765,-0.242611267,-0.419162202,-1.044856505,1,1,0.74672651,0.74672651,0.25327349
5174,9443,200,0.969346062,-0.86871386,-0.933177208,0.388438105,11.77190664,-0.157246416,-0.034046875,-1.01805729,1,1,0.724857074,0.724857074,0.275142926
5183,9476,200,0.496783457,-1.367602206,-0.126458407,0.096591871,14.74499954,-0.684336398,-0.539999336,-0.844018189,1,1,0.72523651,0.72523651,0.27476349
5257,9556,200,0.085072228,-0.715988514,1.34163983,0.756686703,19.55110365,0.04897881,-0.179595048,0.214051775,1,1,0.727668155,0.727668155,0.272331845
5252,9450,200,0.449241297,-0.726746224,-1.030769121,-0.030229001,11.51160663,-0.062996821,-0.277156391,-1.075039331,1,1,0.752040166,0.752040166,0.247959834
5208,9509,200,0.026805175,-1.248488664,-0.478271356,0.936566048,12.90055738,0.61528313,0.443969246,-1.010665175,1,1,0.760608195,0.760608195,0.239391805
5270,9510,200,0.038214047,-1.188412848,0.045582332,1.066595791,15.05979689,0.063811471,0.412548008,-0.858349136,1,1,0.817826607,0.817826607,0.182173393
5247,9481,200,0.202375976,-1.383280101,-0.316075252,0.242378677,14.12309359,0.611907507,0.001171151,-1.109658155,1,1,0.760494171,0.760494171,0.239505829
5290,9554,200,0.126633352,-0.984725747,1.014000952,0.917805524,18.68589169,-0.110652935,0.479619913,-1.141930986,1,1,0.743328932,0.743328932,0.256671068
5261,9570,200,0.37355531,-0.435665223,-0.536805574,0.685631335,13.088921,1.113737481,-0.321684596,-0.768502394,1,1,0.757825931,0.757825931,0.242174069
5301,9602,200,0.402566558,-1.269495867,-0.463080567,0.458141989,13.45165948,-0.478875778,-0.61886696,-0.437262136,1,1,0.770248822,0.770248822,0.229751178
5300,370,200,0.163304945,-1.487192876,0.800535118,0.715316742,17.84658254,0.428150502,-0.064255047,-0.547717973,1,0,0.751878173,0.751878173,0.248121827
5344,9592,200,0.115049755,-1.046830179,0.304899712,0.495811251,16.03133615,0.171165216,-0.268050661,-0.386999706,1,0,0.792834044,0.792834044,0.207165956
5362,9590,200,0.07757485,-0.84296835,0.54295378,0.194717801,17.06223616,0.542538031,-0.188597162,-0.868854313,1,1,0.75155308,0.75155308,0.24844692
5288,99,200,-0.037539888,-1.618964152,-0.475667714,0.527615546,13.37183726,0.637832318,0.323236645,-1.211381958,1,1,0.718813004,0.718813004,0.281186996
5373,9581,200,0.472405466,-0.547836108,2.120380342,0.868870698,21.9765357,-0.307167515,0.252052166,-0.441424085,1,1,0.730194313,0.730194313,0.269805687
5370,9583,200,0.426443855,-0.658781806,0.231785614,0.561111839,16.02752019,0.859576654,-0.111272948,-0.463169628,1,1,0.824646398,0.824646398,0.175353602
5377,9609,200,0.533484068,-1.300828238,-0.336232091,0.406437718,14.07530235,0.43430088,1.005237854,-0.842466159,1,1,0.770244868,0.770244868,0.229755132
5364,9594,200,0.220431009,-1.180190807,0.222295348,0.631399492,15.76920692,-0.297678246,0.217768767,0.502717353,1,1,0.789418153,0.789418153,0.210581847
5334,9603,200,0.425058449,-1.400786117,-0.178416014,0.866488493,14.41333509,0.748690958,0.501366296,-0.531965044,1,1,0.824963536,0.824963536,0.175036464
5401,9605,200,0.271621818,-1.41193929,-0.349842923,0.65123578,13.7996572,0.125247837,-0.013181168,-1.113600091,1,1,0.85324051,0.85324051,0.14675949
5416,10160,191,0.223405542,-0.785790338,-0.891531732,-0.940577674,11.85399024,-0.145395955,-0.104270368,-0.640189463,1,1,0.737928307,0.737928307,0.262071693
5459,9635,200,0.047015258,-1.33135624,0.657811245,0.303049861,17.3031932,-0.116134741,-0.058420093,0.34078703,1,1,0.713676077,0.713676077,0.286323923
5493,9627,200,0.336650778,-0.735085894,0.034706813,0.094410196,15.20159888,-0.208044045,-0.664652245,-0.72631294,1,1,0.81985932,0.81985932,0.18014068
5505,9652,200,0.709507602,-0.51778954,0.591372431,0.414759709,17.06882594,-0.18531102,-0.147441158,-1.084926049,1,1,0.719186141,0.719186141,0.280813859
5540,104,200,-0.314212711,-1.272040219,0.424328699,0.646983036,16.54538232,0.365879562,0.266789403,-1.14946232,1,1,0.71045235,0.71045235,0.28954765
5539,102,200,0.092976978,-0.879076456,-0.179831607,0.363205305,14.50965898,0.160100546,-0.079709411,-0.849734165,1,1,0.881109016,0.881109016,0.118890984
5556,105,200,0.435158409,-0.810247161,0.442232326,0.65291328,16.4242861,0.448246712,0.318041591,-1.039214516,1,1,0.86321607,0.86321607,0.13678393
5615,9756,200,0.394743269,-0.960272091,0.498601337,0.786633639,16.91351697,0.011486841,-0.125224296,-0.143386753,1,1,0.808628844,0.808628844,0.191371156
5621,9649,200,0.515206484,-0.69164317,1.011925257,0.423050886,18.60274968,0.052402103,-0.063313589,-0.754546735,1,1,0.851445607,0.851445607,0.148554393
5617,9691,200,0.593741434,-0.621325154,1.044636448,0.52389674,18.75619418,0.761287624,0.431705174,-0.357322606,1,1,0.73495586,0.73495586,0.26504414
5632,9965,200,-0.625847026,-0.642155606,-0.628175423,-0.064089172,12.95737345,-0.051409767,0.134602878,-0.571027656,1,1,0.714284007,0.714284007,0.285715993
5647,9760,200,0.02575737,-1.036765163,0.516906529,0.800666295,16.63944831,-0.180061731,0.34800891,0.827560279,1,1,0.727057692,0.727057692,0.272942308
5660,10331,191,0.392950451,-0.969836634,-0.823412974,-0.410850908,12.36664111,-0.390428489,0.161873118,-0.787250295,1,1,0.742783554,0.742783554,0.257216446
5664,10327,191,0.330398252,-0.878971272,-0.940605433,-0.204655461,11.80796591,-0.025673831,-0.68706292,-0.858099253,1,1,0.72031191,0.72031191,0.27968809
5702,9924,200,-0.614064563,-0.987884746,-0.160886052,0.717903801,14.57247667,0.285395721,-0.553934135,-0.724990695,1,1,0.743389215,0.743389215,0.256610785
5705,9950,200,0.237462976,-0.986054185,-0.06079294,0.161850849,14.87610937,-0.030583121,0.717278717,-0.608343183,1,1,0.820141851,0.820141851,0.179858149
5706,9922,200,0.186224653,-1.317895986,-1.347069729,0.505153424,10.15851478,-0.065094305,-0.536129089,-0.54975221,1,1,0.737817408,0.737817408,0.262182592
5708,9939,200,0.007518641,-1.015677465,-0.004574687,0.495554705,14.70585764,0.64713574,-0.142681916,-0.605469817,1,0,0.80537876,0.80537876,0.19462124
5712,9935,200,0.385167919,-1.046202907,-0.152083148,0.44733421,14.40828483,-0.028446035,-0.407504395,-1.152033558,1,1,0.848843662,0.848843662,0.151156338
5709,9923,200,0.336476253,-1.522458915,-0.544978195,0.77367672,13.19855337,-0.495548436,0.320694723,0.575502529,1,0,0.735446742,0.735446742,0.264553258
5720,9929,200,-0.15163848,-1.579741483,-0.422220069,0.793426018,13.68183964,0.3031986,0.406381858,-0.846178701,1,1,0.786727603,0.786727603,0.213272397
2397,7919,510,-0.751854564,0.693459667,0.46326269,-1.458293652,16.69864063,-0.45104965,0.339097912,-0.352565929,0,0,0.440283839,0.440283839,0.559716161
3832,5998,200,-0.224327224,0.489611108,1.309594548,0.523305505,19.63199327,-1.098284892,-1.272121079,-0.95838453,0,0,0.395803964,0.395803964,0.604196036
5466,9862,200,-0.833265515,0.966760558,-0.319825527,-0.291701354,14.17458306,-0.678040749,-0.861331471,-0.871717012,0,0,0.4119575,0.4119575,0.5880425
1545,8804,200,0.897551376,0.063331301,-1.598169423,-1.554834692,9.305894703,0.39902972,-0.510575502,-0.194543332,0,0,0.331709839,0.331709839,0.668290161
2026,8965,200,-2.079365584,0.869269064,2.973726394,0.716509879,27.91355832,-18.58612441,1.775634229,-1.429727721,0,0,0.169182745,0.169182745,0.830817255
4530,6889,510,-2.219125028,2.228224528,0.998179661,-0.138121964,18.51386561,-0.599980522,-0.39583437,-0.315038009,0,0,0.356093513,0.356093513,0.643906487
4191,6378,200,-0.690246344,1.312855173,2.24547743,1.090584281,22.45725962,0.105490689,0.301828215,1.002881226,0,0,0.382121658,0.382121658,0.617878342
176,2458,200,-1.143629267,-1.364701289,-1.396766803,-0.135242511,10.01142321,1.299363461,0.316723505,0.241722897,0,0,0.415567754,0.415567754,0.584432246
2245,7961,510,-1.10607485,1.10851939,1.648757797,0.11233308,20.07764996,-0.047072328,0.103769825,1.222687565,0,0,0.382697905,0.382697905,0.617302095
3767,5863,200,-0.401233607,0.889455893,1.856170022,2.996100494,20.03678869,-0.871415266,-2.746318134,-0.956811221,0,0,0.209147318,0.209147318,0.790852682
4609,7041,510,-2.254166752,2.05605608,0.571838464,0.602247511,17.1065687,-0.135694779,1.196547596,1.646254547,0,0,0.4008526,0.4008526,0.5991474
4272,4323,191,1.224335679,-0.368508758,0.706281159,0.235555164,17.74266672,-0.985698253,-1.595781684,-0.359294002,0,0,0.374287989,0.374287989,0.625712011
1323,8464,200,-0.800546271,1.026326581,-1.468416796,-1.892466171,9.775911691,0.269145312,-0.07998499,-0.522656808,0,0,0.383672726,0.383672726,0.616327274
5499,9857,200,-0.586425089,0.659536287,-0.194773621,-0.131930882,14.43947647,1.11426632,-0.264238602,0.171386225,0,0,0.432359151,0.432359151,0.567640849
2217,8280,200,0.041677555,0.500913891,0.98429019,1.210129553,18.58119092,-0.54563169,0.681535066,0.013262351,0,0,0.434188078,0.434188078,0.565811922
1225,3185,191,0.883697557,-0.010159808,-0.879629102,-1.327242556,12.02888042,1.263793906,-0.883090832,0.314496863,0,0,0.268530041,0.268530041,0.731469959
4391,5612,510,-2.563124762,2.076209767,0.275235815,0.139258971,16.19794185,-0.626670924,-0.026383504,1.901099111,0,0,0.368843769,0.368843769,0.631156231
4548,6618,200,0.737826213,0.049858212,1.889866819,-0.570977901,21.25840709,-0.453003926,-0.19898235,1.769881985,0,0,0.309150094,0.309150094,0.690849906
3552,4872,510,-1.310892403,-0.055261367,-0.332498641,-1.269727592,14.12008736,-0.274687125,0.739289256,-1.26798415,0,0,0.434034043,0.434034043,0.565965957
4067,5489,510,-1.795131788,1.984047342,0.600072668,-0.897859416,17.06884818,-0.029056365,-0.060910723,1.087320896,0,0,0.374602871,0.374602871,0.625397129
3757,5770,510,-0.824790333,1.128007119,1.57515487,1.814225517,20.37445846,0.605205536,0.292413324,0.070821223,0,0,0.325714715,0.325714715,0.674285285
5382,7228,200,-1.18376428,1.068605596,0.501923238,0.10117006,16.86140997,0.921378401,0.513974496,0.001506596,0,0,0.421088541,0.421088541,0.578911459
3342,5020,510,-1.200515477,1.306241085,1.849406062,0.882492679,21.2134257,0.393878671,0.067565782,1.168188166,0,0,0.358204617,0.358204617,0.641795383
1476,1339,200,1.19689997,-0.05653842,-1.116730131,-0.108516022,11.1309009,-0.172583255,-0.250460857,0.686877111,0,0,0.418490298,0.418490298,0.581509702
421,290,200,-1.246004039,1.271571806,1.98183481,1.943414783,21.52802623,0.982461238,-1.069195222,1.58169371,0,0,0.099630643,0.099630643,0.900369357
3308,4086,191,0.926562623,-0.092269995,0.836684296,1.031487195,17.96495565,-1.458600845,-0.545456292,-0.895164204,0,0,0.420376181,0.420376181,0.579623819
3000,4652,200,0.861694725,0.14579051,-0.672871386,0.090348112,12.82953003,0.577021045,-0.512563371,1.182053089,0,0,0.398954388,0.398954388,0.601045612
1775,3273,200,-2.079365584,-1.649513562,2.447951514,-2.695559742,25.27952433,-2.007116078,13.29889573,-1.429727721,0,0,0.107536312,0.107536312,0.892463688
1265,8742,200,-1.0121209,1.200305162,-0.12684038,-0.08731537,14.93288659,1.663169317,-0.309603272,-0.95638022,0,0,0.442998474,0.442998474,0.557001526
3251,4084,191,1.114565528,-0.327518562,1.448747328,1.309970067,19.9747279,1.392074355,-0.208856296,1.152957867,0,0,0.288791598,0.288791598,0.711208402
5582,9900,200,-0.70744125,0.956954404,-0.304794111,-0.776071876,13.95506672,0.149741934,-0.130343141,1.399844978,0,0,0.42138055,0.42138055,0.57861945
4642,9356,200,-2.079365584,-1.752407052,-2.309155636,-3.249823812,6.169437051,1.665140495,-0.060834328,-1.429727721,0,0,0.205139463,0.205139463,0.794860537
2780,4791,510,-0.569719089,1.114376698,2.329632711,1.310440922,22.53771636,-0.923401302,-0.997950105,-0.268991109,0,0,0.214370719,0.214370719,0.785629281
1635,8878,200,1.165661137,0.091357269,-0.976947208,-0.551930755,11.74998138,-0.237823053,0.395450438,0.368237257,0,0,0.438868392,0.438868392,0.561131608
4640,6737,200,-0.999138717,1.051776423,1.15540399,0.320809885,18.92244261,-0.18748282,0.10401034,2.491739128,0,0,0.428692412,0.428692412,0.571307588
5060,7105,510,-1.816145185,1.505114695,1.278113923,0.65372628,19.60602519,1.376042373,-0.939142456,1.159922384,0,0,0.256391994,0.256391994,0.743608006
1980,1550,200,1.47832038,-0.137535037,0.990407865,0.824357102,18.51739808,1.190409692,-0.456737811,-0.083161276,0,0,0.405505846,0.405505846,0.594494154
4236,6259,510,-2.310640979,2.663481176,1.057130762,0.699435218,18.50388542,-0.862257642,-0.365695934,-0.075661019,0,0,0.396777672,0.396777672,0.603222328
2526,9208,200,0.860227788,0.364455918,-0.66064962,-0.11168064,12.85519078,-0.740112965,-0.458356191,-0.496865857,0,0,0.439196633,0.439196633,0.560803367
5637,9964,191,-0.627823186,-0.968487639,-1.968405418,-2.92623965,7.660630127,0.297196529,-0.285164072,0.043377838,0,0,0.422127319,0.422127319,0.577872681
1221,3416,191,0.564552975,-0.239460947,-1.061978306,-0.679288157,11.48077251,-0.764827376,0.195342514,1.264866816,0,0,0.41374503,0.41374503,0.58625497
790,1907,200,-1.36899644,1.426052269,-0.908008107,-0.890912981,11.9810382,-0.28208078,-0.07664894,0.403922804,0,0,0.379326755,0.379326755,0.620673245
2847,5136,510,-1.998178792,1.590315547,-0.457054032,-0.894912349,13.23301055,-0.307037186,-0.19569872,2.181641323,0,0,0.369922615,0.369922615,0.630077385
1331,8814,200,-0.175412384,0.64710834,-1.748753166,-0.757730929,8.568211312,-0.547472826,-0.244602281,-0.047302806,0,0,0.331071328,0.331071328,0.668928672
3690,5918,200,-0.108268489,0.675753174,-0.749920265,-0.614762777,12.46293964,-0.999696965,-0.1653694,2.060976329,0,0,0.329325816,0.329325816,0.670674184
4342,6428,200,-0.782006773,1.021495642,1.458288346,-0.602040384,20.1445911,-0.537192033,-1.047463688,-0.588557361,0,0,0.277593798,0.277593798,0.722406202
5449,7255,200,-0.948115424,0.929164521,-0.132406533,-0.409907917,14.70562009,-0.934146157,0.088056846,-0.204485862,0,0,0.419265417,0.419265417,0.580734583
5220,7149,510,-2.225236955,1.539818256,0.903006068,-0.463075669,18.35972505,-0.839042642,0.389944013,-0.146731952,0,0,0.343280535,0.343280535,0.656719465
2139,45,510,-2.312841271,1.953929893,1.526562679,1.996703743,19.91005513,0.828805101,0.550505177,-0.604323128,0,0,0.349415284,0.349415284,0.650584716
4937,7099,510,-2.191010154,1.82991136,0.13195752,-1.241361142,15.27583936,0.328973538,0.081404948,3.395499132,0,0,0.362793233,0.362793233,0.637206767
1726,8903,200,0.974765355,0.307522534,-1.678005649,-1.299238506,8.862170882,-1.280700483,0.170460489,-0.780620549,0,0,0.347654494,0.347654494,0.652345506
1602,8820,200,0.734077621,0.036893118,-1.066158995,-1.305140392,11.46318503,0.636400996,-0.285377052,0.512554133,0,0,0.374689271,0.374689271,0.625310729
5513,9783,200,-0.807676885,0.903852797,0.014397705,-0.460903699,15.15853477,2.351120433,-1.817959194,-0.89375826,0,0,0.306914351,0.306914351,0.693085649
865,8694,200,-0.924007281,1.104337554,-0.858658231,-1.400534867,12.07751213,-0.11623506,-0.109988895,1.266434066,0,0,0.360995414,0.360995414,0.639004586
4019,5752,510,-2.496912191,2.805460232,0.733519534,1.050224858,17.52925686,-1.101946729,-0.880294792,0.566037179,0,0,0.25440719,0.25440719,0.74559281
243,192,200,-0.381879171,0.815448919,1.594436531,1.254936055,20.49646987,-0.303572794,-0.580770996,0.061869775,0,0,0.353732776,0.353732776,0.646267224
3382,5344,510,-0.989269089,1.298346734,1.314140156,0.294506903,19.19501133,-0.462085908,0.52393536,0.590127097,0,0,0.403999151,0.403999151,0.596000849
5201,10248,200,0.792100164,-0.093366297,1.863918645,0.929544252,21.09636333,0.550760524,-0.268004447,0.489408463,0,0,0.423166299,0.423166299,0.576833701
4129,6207,510,-2.330565874,2.292908208,1.659036189,-0.523292343,20.16710343,1.013284442,-0.28350844,2.756270394,0,0,0.201499971,0.201499971,0.798500029
3144,5246,510,-1.948162842,1.542358861,1.315916772,-0.156149858,19.51952355,-0.488332755,-0.152865053,-0.279012404,0,0,0.370807533,0.370807533,0.629192467
2213,7876,510,-1.246615264,1.114193659,1.962600189,1.32564123,21.63619024,-0.271048798,-0.07194251,0.176521741,0,0,0.351273962,0.351273962,0.648726038
3084,4940,510,-1.665302769,1.691636606,1.19040375,1.606366179,19.27004803,-0.441197823,-0.470813982,-0.701599126,0,0,0.37410145,0.37410145,0.62589855
1814,8895,200,0.894699074,-0.1673288,0.150304331,-0.601168687,15.65019301,-0.878612784,0.164454836,2.224497619,0,0,0.373609874,0.373609874,0.626390126
556,2883,200,0.942575863,0.376109074,-0.699937141,-0.147055344,12.61114869,-0.471011743,-0.164317686,-0.06094873,0,0,0.443024598,0.443024598,0.556975402
5492,9811,200,-0.746353887,1.178610706,-0.622022182,-0.758599821,12.80180424,-0.218634886,-0.847088923,-0.842865947,0,0,0.444118083,0.444118083,0.555881917
3633,5022,510,-0.864993157,0.491791176,1.425606126,-1.269620826,19.25950087,-0.15286007,1.083052621,-0.381299358,0,0,0.325779702,0.325779702,0.674220298
3241,7619,200,0.258447275,-0.138983463,0.481776592,-0.216059307,16.90852572,0.858791077,-1.224798106,-0.184674668,0,0,0.444427325,0.444427325,0.555572675
4082,5753,510,-2.482073792,2.974763594,0.302873047,0.987965045,16.36914819,-0.637490393,-1.29994103,-0.295618643,0,0,0.338991528,0.338991528,0.661008472
2486,8072,510,-2.210466455,2.056394245,1.251198423,-0.590638373,19.33631527,-0.143208302,1.015777603,-0.673610041,0,0,0.379620613,0.379620613,0.620379387
2686,8138,510,-0.326708825,0.978243266,1.205999547,1.078590967,19.28943742,-1.149851062,-0.331118821,0.017070267,0,0,0.341574382,0.341574382,0.658425618
1250,3405,191,0.479495347,-0.392249616,-1.745766941,-1.485870615,8.566170516,-0.678405805,-0.15359833,2.000925947,0,0,0.390533647,0.390533647,0.609466353
5561,9903,200,-0.714309906,1.209609273,-0.373792255,-0.728600832,13.72756355,-0.433642436,-0.51012405,0.028502934,0,0,0.40565193,0.40565193,0.59434807
1835,3546,200,0.406050389,-0.212001267,-1.196278212,-1.794862034,10.7535274,-0.757139199,-0.176219775,0.878736296,0,0,0.406997605,0.406997605,0.593002395
4163,5703,510,-2.482752891,2.576701814,0.033522798,1.892819341,15.27626544,-0.715039947,-0.991995894,-0.378958866,0,0,0.306878322,0.306878322,0.693121678
5272,7349,200,-0.863906654,1.120881292,0.584800021,-0.005111965,16.84188829,-0.215958796,-1.244317775,-0.960947446,0,0,0.417708472,0.417708472,0.582291528
2448,7790,510,-0.337698661,0.857455741,-0.454101027,-0.016073632,13.5019606,-0.763651186,-0.137856896,1.329933231,0,0,0.393694221,0.393694221,0.606305779
2850,638,200,-0.043889444,-1.60174816,-1.011794102,-1.468492019,11.43808157,0.764393911,1.208192966,0.683083666,0,0,0.370596329,0.370596329,0.629403671
407,266,200,-1.979673228,1.717857483,1.099302939,1.196576849,19.0205238,1.791974318,-0.951571905,-0.911857781,0,0,0.269803413,0.269803413,0.730196587
3437,4991,510,-0.78200679,0.661099431,0.580541039,0.217854826,16.88893299,-0.36034265,0.702236971,0.522407714,0,0,0.431038531,0.431038531,0.568961469
395,267,200,-0.546202743,0.897403596,0.233156753,0.567178141,15.88226153,-0.907521033,-0.029184873,2.921646325,0,0,0.43367195,0.43367195,0.56632805
5082,7382,200,-0.228367881,0.896606121,0.956683494,1.275365077,18.45676229,-0.434324808,-1.18143991,-0.664016635,0,0,0.386470851,0.386470851,0.613529149
1746,8887,200,0.796442515,0.150572034,-0.871618908,-0.373043417,12.04933913,0.170103815,-0.331585738,0.672229461,0,0,0.424059024,0.424059024,0.575940976
1126,8719,200,-0.562303338,0.93011869,-1.452262082,-2.522465676,9.884318254,-0.2955563,0.167159557,-0.459166374,0,0,0.411943181,0.411943181,0.588056819
1271,8800,200,-0.541943812,0.869837832,-1.327091095,-1.367840584,10.20635923,-0.07964146,-0.549871532,-0.296246716,0,0,0.380463273,0.380463273,0.619536727
5018,7486,200,-0.227043602,0.814859879,0.017672008,0.144045079,15.13358914,0.832739358,-1.62443483,-0.008490375,0,0,0.406230826,0.406230826,0.593769174
2487,8033,510,-1.534588974,1.170523392,1.768071598,0.697228909,20.76930982,1.124662349,-0.150968433,-0.151592231,0,0,0.390010099,0.390010099,0.609989901
4257,5670,510,-2.261297336,1.78708175,0.640005261,1.046991932,17.20757376,-0.424067775,0.451322255,1.334951638,0,0,0.387472212,0.387472212,0.612527788
381,2405,191,-0.894669995,-1.559267047,-0.858862669,-1.686908397,11.99313696,1.285549273,1.996483107,-1.074749604,0,0,0.313087945,0.313087945,0.686912055
5248,7351,200,-0.874908114,0.935543399,0.142730344,-0.675608498,15.6439798,0.384293817,-0.096611883,0.9689572,0,0,0.376864632,0.376864632,0.623135368
2544,881,200,1.275811706,-0.320016638,1.187725698,1.093083582,19.03525752,-1.40594197,-0.924286128,-0.689274022,0,0,0.350097793,0.350097793,0.649902207
5254,7210,200,-0.519275333,0.905990663,1.015918023,-0.199535324,18.00708994,0.702919291,-0.654898239,4.117211208,0,0,0.271559078,0.271559078,0.728440922
4386,6561,200,-0.294391273,0.453863354,1.940058094,0.956249575,21.05955699,-0.538389002,-0.752093411,-0.014171363,0,0,0.340490179,0.340490179,0.659509821
1807,8928,200,1.302975951,0.278838845,-1.722412426,-1.464296238,8.661762389,0.031163466,-0.278485759,-0.453002471,0,0,0.384937847,0.384937847,0.615062153
4250,6460,200,0.843766278,0.239703998,0.818637558,0.412340855,17.75733092,-0.606466534,-0.824753552,-0.233243816,0,0,0.423125066,0.423125066,0.576874934
998,1246,200,-0.839866369,1.052169,-0.712666487,-0.491794418,12.51340306,-0.360105437,-0.048508631,2.221654272,0,0,0.353955215,0.353955215,0.646044785
3356,4725,510,0.657488334,-0.260750487,0.645966948,-0.136224769,16.8924954,1.411004678,1.043801942,0.026271871,0,0,0.384100052,0.384100052,0.615899948
197,2793,191,1.264063375,-0.27210513,1.254379587,1.657915102,19.09111816,-0.413986542,0.69929855,-0.781055941,0,0,0.430999023,0.430999023,0.569000977
1516,8834,200,0.621129128,0.084021752,-0.848147932,-0.922460649,12.12053575,0.320664939,0.677057797,0.737169218,0,0,0.433780512,0.433780512,0.566219488
3171,9238,200,0.970622785,0.010133223,0.350084584,0.47958471,16.19789012,-1.297743205,-1.453381219,0.096194943,0,0,0.368743495,0.368743495,0.631256505
1088,3116,191,0.716149235,-0.050573516,-1.166488132,-0.567364279,10.87387074,-1.011854841,-0.971458581,-0.036532018,0,0,0.27277208,0.27277208,0.72722792
3441,5018,510,-1.196314084,0.980692559,1.686793468,0.654198005,20.4857946,-2.228866652,0.556512532,2.428832487,0,0,0.286806318,0.286806318,0.713193682
2252,7988,510,-2.107582323,2.354709992,0.611568915,1.282808711,17.22383343,-0.88678677,0.170862679,0.60016557,0,0,0.33250049,0.33250049,0.66749951
209,199,200,-0.196212299,0.625322253,1.46282224,1.244694859,19.69711173,-0.997172667,-0.321126105,0.262188728,0,0,0.321331733,0.321331733,0.678668267
3739,5742,510,-1.475798037,1.177908974,0.77546948,1.803704861,17.30845122,0.150787187,0.480217901,0.200160149,0,0,0.396943454,0.396943454,0.603056546
487,324,200,-1.83006679,1.458598215,1.818960417,1.851426089,20.65839537,2.452737031,0.212732099,0.462631441,0,0,0.212730477,0.212730477,0.787269523
5339,9839,200,-0.70234798,1.098231404,-0.793470009,-1.281766791,12.35090023,-0.474897041,0.011298611,-0.029497253,0,0,0.386105003,0.386105003,0.613894997
1429,8832,200,0.546658631,0.146439855,-1.216186195,-1.562828429,10.50523947,0.54916808,-0.614826712,4.817534101,0,0,0.336167848,0.336167848,0.663832152
2295,7898,510,-1.082509973,1.293296534,0.540508891,0.519917169,16.90803711,0.791683957,-1.095703207,0.34882466,0,0,0.373671137,0.373671137,0.626328863
1753,8576,510,-1.885057176,1.688308257,-0.698606298,-0.759242359,12.24795696,-0.641099612,-0.391437202,1.465933836,0,0,0.268466088,0.268466088,0.731533912
1904,8367,200,-0.076893934,0.946858241,-1.580946936,-1.658113672,9.255424387,-1.238594496,-0.188994583,0.302893588,0,0,0.2953441,0.2953441,0.7046559
5537,10302,191,1.006343674,-0.499542872,-1.527615771,-2.953046234,9.29773368,-0.00236107,-0.203037162,1.062743305,0,0,0.406045232,0.406045232,0.593954768
482,327,200,-0.974023216,1.374095212,2.188844248,2.134648943,21.65836256,-1.755543212,0.963784268,1.07287351,0,0,0.084668891,0.084668891,0.915331109
3765,5423,510,-1.977500103,2.36108636,0.836957234,-0.922199018,17.73405868,0.700545336,0.261505314,1.819172302,0,0,0.302477492,0.302477492,0.697522508
4133,6216,510,-2.542205302,1.677302397,-0.990508937,-2.744215909,11.14282445,-0.063658586,-0.070676625,3.267515192,0,0,0.325363032,0.325363032,0.674636968
1062,8659,200,0.098925926,0.80870408,-1.570226987,-2.278766803,9.365457983,-0.639483712,0.506744319,0.243443288,0,0,0.370722614,0.370722614,0.629277386
1741,8578,491,-1.6124142,1.359551494,-1.569302443,-2.566847686,9.224698003,-1.204064263,0.267420828,1.600547387,0,0,0.187114968,0.187114968,0.812885032
5145,7270,200,-0.416207859,0.457594726,1.275302567,1.214453098,19.29106763,-1.155676699,-0.622456153,-0.568039031,0,0,0.34052467,0.34052467,0.65947533
735,1863,200,1.167087369,0.156342818,-0.261920423,1.035317297,14.35034234,1.467389297,-0.182809366,1.541995795,0,0,0.383928824,0.383928824,0.616071176
2700,8098,510,-1.624055977,1.94361024,1.318611721,2.293345015,19.25780282,-0.212874089,-0.090747121,-0.238492421,0,0,0.375148714,0.375148714,0.624851286
3116,5182,510,-1.697471883,1.169165889,0.425230983,-1.9482483,16.22455768,0.119750121,0.641796813,-1.144825569,0,0,0.42002442,0.42002442,0.57997558
2265,7737,200,-1.052398506,1.252095786,1.121733365,-0.07832512,18.41693263,1.112637508,-0.218799831,2.009477443,0,0,0.265487151,0.265487151,0.734512849
2977,4752,510,-0.871784223,0.692712374,0.264932182,1.547072724,15.82929052,-0.552572231,-0.879957115,-0.195608548,0,0,0.31436599,0.31436599,0.68563401
5436,7243,200,-0.960678854,1.077580543,0.24867088,-0.070763675,16.19386588,-0.678133178,-0.588328369,2.080305035,0,0,0.295831769,0.295831769,0.704168231
3019,5244,510,-1.790169473,1.723641365,1.001945377,-0.399813368,18.33546827,-0.114381979,0.263713836,1.692738928,0,0,0.376488151,0.376488151,0.623511849
3445,5896,200,0.204102022,0.041771206,1.827170256,0.928364465,20.72344567,-0.892521543,-0.778646536,-0.236956709,0,0,0.414494412,0.414494412,0.585505588
2511,711,200,0.870251328,-0.216270411,1.77851361,0.593055057,20.65372226,0.224058921,0.897060373,0.855854275,0,0,0.426604576,0.426604576,0.573395424
5583,9815,200,-0.7485949,0.991384282,-1.114036037,-0.921520448,11.14961135,0.315217038,-0.361577435,-0.283704788,0,0,0.364163334,0.364163334,0.635836666
4419,4403,200,1.171854664,0.030706145,-1.160416084,0.172844994,10.8447383,-0.957115513,-0.442526604,-0.442274447,0,0,0.390665696,0.390665696,0.609334304
1654,8547,200,-0.298077809,0.838156644,0.54005397,1.111020194,17.10708792,-0.773555707,0.060276915,-0.183987871,0,0,0.435570343,0.435570343,0.564429657
214,2815,191,0.988540691,-0.222964732,-1.061499838,-0.031777797,11.31767158,0.236259974,-0.323646141,1.036623683,0,0,0.41014476,0.41014476,0.58985524
4151,6388,200,-0.624869098,0.978804317,1.740879223,0.211052174,20.80773441,0.118627251,0.064480847,1.157133512,0,0,0.399733506,0.399733506,0.600266494
3874,5721,510,-0.917284156,1.159036495,2.19479177,2.595265698,20.24951779,-1.809218552,-0.437307823,-0.301175274,0,0,0.206711592,0.206711592,0.793288408
4165,5524,510,-2.089076758,1.67971566,-0.517499829,-1.009810162,13.20539872,-0.141327988,-0.617732162,0.102898853,0,0,0.408553827,0.408553827,0.591446173
3395,4980,510,-0.728765109,0.843304358,0.785759385,1.525203,17.91224118,1.036330591,0.073741992,0.31762337,0,0,0.33903289,0.33903289,0.66096711
3291,5273,510,-1.35408333,1.185993768,0.224253651,-0.743248492,15.80074662,0.248408705,-0.155488146,0.525792364,0,0,0.402996263,0.402996263,0.597003737
1853,8340,200,0.698302452,0.12871481,-1.28959617,-0.174741251,10.45562218,0.740365535,0.083780677,0.154032202,0,0,0.424521855,0.424521855,0.575478145
2877,4775,510,-1.126855407,0.747887645,1.252860058,1.610261934,19.21344715,1.046667768,-0.268213369,-1.032105911,0,0,0.325117271,0.325117271,0.674882729
877,8704,200,-0.984981039,1.098819388,-1.073726318,-0.8989367,11.29102343,-0.3937486,0.003546708,-0.355039076,0,0,0.386494779,0.386494779,0.613505221
2197,7875,510,-0.828049963,1.267331843,1.859215574,0.882336524,21.24668382,1.027713865,0.075813784,0.086764698,0,0,0.371658617,0.371658617,0.628341383
259,2820,191,-2.079365584,-0.453557288,1.991290359,-1.206995229,24.77558231,5.459109441,-7.284799696,-1.429727721,0,0,0.131481064,0.131481064,0.868518936
2001,8954,200,1.045663719,0.371003851,-1.62518696,-0.028129458,8.992982337,0.782478276,0.179800412,-0.976684927,0,0,0.430073748,0.430073748,0.569926252
2015,1490,200,0.687533762,0.403004058,-0.53789407,0.168744835,13.29221332,-1.025520976,-0.594203005,0.380058856,0,0,0.434106984,0.434106984,0.565893016
3252,5212,510,-2.054612273,1.517169548,1.738371155,-0.292624558,20.70805232,-0.377445915,0.684672385,-0.238907729,0,0,0.335891727,0.335891727,0.664108273
4554,4383,191,1.357750434,-0.87176366,0.825918641,0.137862702,17.61967369,0.984246207,1.427431636,-0.121835603,0,0,0.424028355,0.424028355,0.575971645
322,2924,191,0.76259993,-0.210598112,0.176714409,0.86640469,15.56523382,-1.910792513,-0.280876674,2.806253466,0,0,0.421914233,0.421914233,0.578085767
1695,8868,200,0.96833854,0.172039002,-0.969181512,-0.4291894,11.72846405,0.156651804,-0.211729802,0.086055686,0,0,0.428304503,0.428304503,0.571695497
1035,1267,200,-0.721539417,1.107695812,-0.457435966,-0.606493132,13.54827501,1.295074239,-0.461713696,0.958986124,0,0,0.302675656,0.302675656,0.697324344
3505,4100,200,0.097703459,-1.601150989,-1.347110484,-2.228867795,10.21319615,1.049907709,0.441755899,1.838506183,0,0,0.408262961,0.408262961,0.591737039
1191,3183,191,0.782850749,0.04259682,-0.748093085,-1.409093008,12.48713027,-1.365376434,-0.853496872,1.394598607,0,0,0.227013777,0.227013777,0.772986223
5408,9832,200,-0.562690358,0.743323619,-1.478391467,-1.661728006,9.682426232,-0.369799195,0.182546999,0.038314544,0,0,0.357416075,0.357416075,0.642583925
4468,5611,510,-2.453211909,2.10625369,0.604551347,1.100310555,17.22163966,1.212185864,-0.14418031,-0.5766995,0,0,0.421507385,0.421507385,0.578492615
975,1934,200,-1.155241917,1.350655438,0.289880941,1.727774573,16.40289656,0.737938831,0.189236255,-0.501128691,0,0,0.442328636,0.442328636,0.557671364
4282,4318,191,1.220872285,-0.274726673,0.445012186,0.289526846,16.76959069,-0.851699339,-1.346260844,-0.77566999,0,0,0.436178349,0.436178349,0.563821651
4436,6579,200,-0.079316026,0.127124877,1.33076673,2.001228785,19.45069862,0.643734676,-0.515442154,0.362318982,0,0,0.354901053,0.354901053,0.645098947
1257,8799,200,-0.364460197,0.882593266,-1.829440757,-1.761066252,8.262540831,0.427489507,-0.046857388,2.056575449,0,0,0.269477151,0.269477151,0.730522849
1651,1405,200,0.925869944,0.172965783,-1.072370029,-0.275332468,11.08524094,-0.22265746,-1.077934625,-1.174222398,0,0,0.357787637,0.357787637,0.642212363
3067,4774,510,-0.40367839,0.735699018,2.445939636,1.418813086,22.85593922,0.068803185,0.127617887,0.518933231,0,0,0.384657429,0.384657429,0.615342571
2191,7924,510,-1.310659551,1.260793712,1.251616594,1.520309207,19.05030951,0.301408178,-0.676788895,-0.895057353,0,0,0.365688261,0.365688261,0.634311739
957,2050,200,0.820133571,-0.441472063,-1.003808313,-0.10722733,11.4020005,-0.530857438,-0.47919882,2.94596759,0,0,0.385205184,0.385205184,0.614794816
4769,7406,200,0.340143351,0.113343958,1.694749606,1.341110146,21.02729364,-0.95014725,-2.331566968,-0.231406033,0,0,0.313229555,0.313229555,0.686770445
1109,1090,200,1.021623482,-0.340936515,1.00306856,1.288033569,18.44342203,-1.492106179,1.539289176,-1.102012358,0,0,0.289874617,0.289874617,0.710125383
5275,7168,510,-2.183743749,1.781549327,1.155176922,0.286016523,19.02173665,0.241455308,0.549477366,0.63863019,0,0,0.431227357,0.431227357,0.568772643
2640,8059,510,-1.688066312,1.962275268,1.461707587,-1.257427229,20.26678835,0.906327232,0.342406019,0.457936433,0,0,0.300509153,0.300509153,0.699490847
3697,5859,510,-0.919728916,0.662968703,1.518560586,1.690555217,18.81294721,0.822612936,0.470386359,-0.392055296,0,0,0.346192914,0.346192914,0.653807086
5130,9533,200,0.105445306,0.214584365,0.720592742,0.255189772,17.64729962,-1.366849049,1.065991799,-0.129646687,0,0,0.413274684,0.413274684,0.586725316
2703,7689,200,0.289210596,-0.45214816,-1.569759165,-1.667113558,9.226915623,0.579284592,-0.527836134,2.247753338,0,0,0.401720695,0.401720695,0.598279305
1931,1449,200,0.832459276,0.459991324,-0.423683023,-1.198319631,13.86197541,-0.662147029,0.02642169,-1.197510227,0,0,0.431558837,0.431558837,0.568441163
1335,8441,200,0.959485533,0.37578844,-1.156961481,-0.640490815,10.96374139,-0.156841289,0.582077091,-0.251669949,0,0,0.43325167,0.43325167,0.56674833
1028,8655,200,0.147413807,0.776603756,-2.226068825,-2.810686783,6.567151082,-0.306599829,-0.362455002,-0.162855219,0,0,0.41029599,0.41029599,0.58970401
1427,8816,200,0.914664703,0.431240597,-1.605655814,-1.702383485,9.036118525,-0.414455749,-0.308849633,-0.002040199,0,0,0.318294978,0.318294978,0.681705022
3054,8198,200,0.826449186,0.128554983,-0.535349828,-0.120743935,13.51549572,-0.779287956,-1.533551983,-0.77894013,0,0,0.40341058,0.40341058,0.59658942
549,1710,200,-0.542215397,0.547594734,-1.129148981,-0.875725151,10.93962009,1.346119806,-0.142696357,0.89178239,0,0,0.255064781,0.255064781,0.744935219
3196,7620,200,-0.028958921,-0.781506937,-1.64195995,-1.651530782,9.021941565,-0.658071901,0.163474047,3.434497989,0,0,0.436179971,0.436179971,0.563820029
4284,5578,510,-2.101531525,1.796312927,-0.86068248,-1.71898599,11.91415019,0.095253931,-0.047704188,2.699819582,0,0,0.339611061,0.339611061,0.660388939
4757,6752,200,-0.744927746,0.930194998,2.992131295,1.429481279,24.33356873,0.370642065,0.376868454,-0.108476231,0,0,0.353337729,0.353337729,0.646662271
4767,6842,200,-1.425738428,1.503926808,0.750026635,0.583170551,17.83275445,0.531353478,-0.606129352,0.106925522,0,0,0.440101063,0.440101063,0.559898937
3230,4970,510,-1.388717603,1.567960695,1.393780723,1.119220867,19.97833729,-0.607209762,0.041711325,-0.155884844,0,0,0.353741587,0.353741587,0.646258413
953,8674,200,-0.433491,0.87425594,-1.785464764,-2.500736858,8.281744356,0.15732696,-0.20031664,1.986688145,0,0,0.280292141,0.280292141,0.719707859
4088,5503,510,-1.933901678,2.109619132,0.080445231,-0.969138235,15.52976786,1.132645053,0.03997059,0.01678436,0,0,0.375262721,0.375262721,0.624737279
5189,7294,200,-0.738102779,0.859751127,1.166596324,0.464097144,19.07723815,-1.105979575,-0.12999023,0.320135379,0,0,0.395540749,0.395540749,0.604459251
665,2294,191,1.075748006,-0.200378193,0.290554283,0.797990914,15.99223444,-1.731683164,-1.31491478,-0.536495774,0,0,0.421622163,0.421622163,0.578377837
4744,6721,200,0.129621426,0.151790068,1.880547465,-0.044236571,20.82806437,-0.733284931,-0.034112733,3.240686144,0,0,0.359678556,0.359678556,0.640321444
1172,8794,200,-0.822073874,0.959455157,-1.332340747,-1.173555188,10.25131551,0.314060431,0.469888695,-0.17687541,0,0,0.366319049,0.366319049,0.633680951
5474,9809,200,-0.358755678,0.911800337,-0.831952443,-0.809497839,12.16968311,-0.854613317,-0.145947879,-0.297454449,0,0,0.371359565,0.371359565,0.628640435
4510,5628,510,-2.624549645,2.370106355,0.675230166,0.989391294,17.23928159,0.380869489,-0.074805442,0.223802872,0,0,0.436868739,0.436868739,0.563131261
4485,6312,510,-2.232707091,2.335145159,-0.80957651,-2.674264018,11.80414419,-0.175014611,-0.492418533,2.391052917,0,0,0.310429407,0.310429407,0.689570593
1671,8562,491,-1.702110166,1.636286623,-0.593131333,-0.540275578,12.93696665,-0.211908037,-0.297934677,0.345626583,0,0,0.425799,0.425799,0.574201
4024,5828,510,-1.652752933,2.033152968,1.310884182,4.193571935,18.2905226,-8.584305821,-7.11927709,-0.9373446,0,0,0.169752997,0.169752997,0.830247003
1585,8901,200,-0.169591487,0.579411103,-1.102387483,-0.78252086,11.19780212,0.48753542,0.055188072,0.399159313,0,0,0.400155591,0.400155591,0.599844409
4300,5647,510,-2.558540818,1.888822825,0.243010275,-1.265769558,15.67498884,-1.021032735,0.402678379,4.027857683,0,0,0.289448132,0.289448132,0.710551868
3596,9289,200,0.944205678,-0.389200287,-1.131223669,-0.495861079,11.11205775,-0.701987061,-0.174932076,-0.190838226,0,0,0.404104901,0.404104901,0.595895099
5494,7229,200,-2.165792787,2.217999051,1.180475914,1.529164321,19.24972975,0.497758685,-0.323869635,0.067008239,0,0,0.320660219,0.320660219,0.679339781
2752,4782,510,-0.895892424,1.153599699,1.120909687,1.515337334,18.90541842,-0.600446193,-0.325230809,-0.857776001,0,0,0.37158663,0.37158663,0.62841337
2815,5169,510,-1.802563103,1.649184987,-0.23231946,0.585757294,14.24977519,0.722180181,0.933403574,2.476472096,0,0,0.415365518,0.415365518,0.584634482
2082,8293,200,-1.305432382,1.390844084,-0.81631898,-0.764872435,11.94994243,-0.866515569,-0.671818788,0.686190144,0,0,0.235325432,0.235325432,0.764674568
712,1857,200,-2.079365584,0.314645099,0.448669083,1.203428107,17.76444578,-2.908805624,-14.62244638,-1.429727721,0,0,0.166985162,0.166985162,0.833014838
4013,5689,510,-0.625201852,1.515813209,0.68657316,0.623613494,17.26828242,0.751542702,-0.686932785,1.490629197,0,0,0.386226696,0.386226696,0.613773304
3954,5823,510,-1.259715155,0.921306843,1.776903604,2.859782858,18.19238178,3.962148243,3.157757191,0.210550572,0,0,0.080042012,0.080042012,0.919957988
385,221,200,0.242434035,0.774595862,0.807582408,1.367838125,17.87473776,0.933355881,-0.729367589,1.364103306,0,0,0.346177608,0.346177608,0.653822392
502,1776,200,-0.674355326,0.892701786,2.190074012,1.108046149,22.2269706,-0.946873718,-0.227288395,-0.1751295,0,0,0.309351338,0.309351338,0.690648662
1279,3417,191,0.677521844,-0.35445672,-1.797389157,-1.646696133,8.305340768,-0.413678757,-0.365354338,0.784274157,0,0,0.371997596,0.371997596,0.628002404
1940,8940,200,1.139991147,-0.065430064,-0.418248967,-0.041756614,13.68838907,-0.801262629,-0.001909954,1.072397877,0,0,0.408508888,0.408508888,0.591491112
4614,4436,200,0.965760409,0.035680353,-1.137189073,-0.211730755,10.91088695,-0.468432376,-0.310337676,-0.155919259,0,0,0.396772853,0.396772853,0.603227147
3167,4740,510,-0.325160455,0.128950086,0.779711366,1.075611659,17.6698882,1.068760155,1.120235415,-0.664822492,0,0,0.40100656,0.40100656,0.59899344
1355,8482,200,-1.029438045,1.194266335,-0.935289829,-1.08156142,11.8063803,-0.091448966,0.127240855,0.81159598,0,0,0.386592489,0.386592489,0.613407511
3430,5330,510,-1.063155517,1.064681142,0.37318395,-0.24512871,16.50899323,-1.576076485,1.494970592,0.825915075,0,0,0.189681803,0.189681803,0.810318197
5118,7381,200,-0.834026091,0.979634532,1.198946934,0.800317558,19.19521965,-0.97077075,-1.272929468,0.157571066,0,0,0.277556014,0.277556014,0.722443986
1141,1083,200,1.02848243,-0.686062661,1.993600245,1.160640164,21.388731,-0.652857038,2.43251642,-0.998352607,0,0,0.404911164,0.404911164,0.595088836
246,182,200,0.387164466,-0.120493339,0.377824032,1.1872828,16.29914869,-0.802473356,1.564912531,0.37514439,0,0,0.418736401,0.418736401,0.581263599
1201,8709,200,0.037535006,0.605766058,-1.838543187,-2.203689898,8.220983543,-0.571486213,-0.030176001,-0.476013111,0,0,0.409544451,0.409544451,0.590455549
2707,8090,510,-2.16354722,1.918951176,1.466055678,1.46555304,19.82033996,0.760009615,0.017356377,0.153502858,0,0,0.312558979,0.312558979,0.687441021
416,356,200,-0.660175633,1.193075409,1.218110897,1.214793462,19.59092063,-1.570652095,-1.36525465,-0.615935455,0,0,0.25339026,0.25339026,0.74660974
5195,9537,200,-0.739970309,0.723474692,1.279943282,0.418672185,19.09172862,-0.465422906,-0.902806195,-0.927887983,0,0,0.42996587,0.42996587,0.57003413
